WinningHand,NumWinners,FavouredHand,UnfavouredHand,FavouredHandClass,UnfavouredHandClass,FavouredWon,P(FavouredWins),P(FavouredLoses),P(Tie),P(ThisOutcome),Sum(Ps),AllHands,
6c Kc,1, 8d As,6c Kc,A8,K6 s,0,0.589699025407,0.406442430783,0.003858543810,0.406442430783,1.000000000000,6c Kc, 8d As
Qd Jd,1, 6d Ac,Qd Jd,A6,QJ s,0,0.525368158925,0.469821363496,0.004810477579,0.469821363496,1.000000000000,Qd Jd, 6d Ac
9s Jc,1, Js Ts,9s Jc,JT s,J9,0,0.675078140330,0.219566151805,0.105355707865,0.219566151805,1.000000000000,Js Ts, 9s Jc
As Ad,1, As Ad,9c Kh,AA,K9,1,0.859517352059,0.137580709967,0.002901937974,0.859517352059,1.000000000000,As Ad, 9c Kh
Draw,2, Js As,Ah Jc,AJ s,AJ,0,0.071574907259,0.021732122333,0.906692970407,0.906692970407,1.000000000000,Js As, Ah Jc
Tc Qs,1, Jd Jc,Tc Qs,JJ,QT,0,0.709991333315,0.286087633972,0.003921032714,0.286087633972,1.000000000000,Jd Jc, Tc Qs
Ks Ad,1, Ks Ad,8h,AK,87s,1,0.579116208337,0.417115185154,0.003768606509,0.579116208337,1.000000000000,Ks Ad,8h
3d 3c,1, 3d 3c,Th Qs,33,QT,1,0.500710154272,0.490229538680,0.009060307048,0.500710154272,1.000000000000,Th Qs, 3d 3c
5h 0m 5s,1,5h 0m 5s,8s Ad,55,A8,1,0.550312911726,0.445269648380,0.004417439894,0.550312911726,1.000000000000,5h 0m 5s, 8s Ad
4c 4d,1, 4c 4d,7c Kc,44,K7 s,1,0.515339565871,0.477463114026,0.007197320102,0.515339565871,1.000000000000,7c Kc, 4c 4d
Draw,2, 9c Kc,5h Kh,K9 s,K5 s,0,0.598931030938,0.265702819126,0.135366149936,0.135366149936,1.000000000000,9c Kc, 5h Kh
5c 5d,1, 5c 5d,3s Ad,55,A3,1,0.694148936170,0.300416865230,0.005434198600,0.694148936170,1.000000000000,5c 5d, 3s Ad
Ad Tc,1, Ad Tc,3s,AT,43s,1,0.597626940076,0.397613975089,0.004759084835,0.597626940076,1.000000000000,Ad Tc,3s
4c Ac,1, 9c 9h,4c Ac,99,A4 s,0,0.666180771639,0.329096352050,0.004722876312,0.329096352050,1.000000000000,9c 9h, 4c Ac
8d Kh,1, 8d Kh,5c Qh,K8,Q5,1,0.629690171839,0.363423784562,0.006886043600,0.629690171839,1.000000000000,8d Kh, 5c Qh
Ks As,1, Qs Qc,Ks As,QQ,AK s,0,0.538805609284,0.456457498201,0.004736892514,0.456457498201,1.000000000000,Qs Qc, Ks As
Td Ts,1, Td Ts,3h Qs,TT,Q3,1,0.720313682617,0.275192372382,0.004493945000,0.720313682617,1.000000000000,Td Ts, 3h Qs
6d Jh,1, 2s Kc,6d Jh,K2,J6,0,0.584616399892,0.408735247947,0.006648352162,0.408735247947,1.000000000000,6d Jh, 2s Kc
Qh Jd,1, Qh Jd,Jh Td,QJ,JT,1,0.723431703716,0.237216055093,0.039352241191,0.723431703716,1.000000000000,Qh Jd, Jh Td
8d Kd,1, As Jc,8d Kd,AJ,K8 s,0,0.604597080892,0.391341140358,0.004061778750,0.391341140358,1.000000000000,As Jc, 8d Kd
3d 3h,1,3d 3h,Kh 9d,33,K9,1,0.516092936768,0.475871691008,0.008035372224,0.516092936768,1.000000000000,Kh 9d,3d 3h
Ks Ad,1, Ks Ad,4c Tc,AK,T4 s,1,0.624626234594,0.370953989479,0.004419775928,0.624626234594,1.000000000000,Ks Ad, 4c Tc
9d Qd,1, Ah 9h,9d Qd,A9 s,Q9 s,0,0.687848653043,0.293285538082,0.018865808875,0.293285538082,1.000000000000,Ah 9h, 9d Qd
Ad As,1, Ad As,Tc Th,AA,TT,1,0.799348713780,0.197677515208,0.002973771013,0.799348713780,1.000000000000,Ad As, Tc Th
Qc Td,1, Kd Js,Qc Td,KJ,QT,0,0.625037960549,0.368127388595,0.006834650856,0.368127388595,1.000000000000,Kd Js, Qc Td
Jd 7s,1, Ts As,Jd 7s,AT s,J7,0,0.651641881348,0.343722843607,0.004635275045,0.343722843607,1.000000000000,Ts As, Jd 7s
9s Ad,1, 9s Ad,Ts 6s,A9,T6 s,1,0.585439851802,0.409919617077,0.004640531121,0.585439851802,1.000000000000,9s Ad, Ts 6s
8c 8h,1, 8c 8h,Ac Ts,88,AT,1,0.552465566862,0.443963805492,0.003570627646,0.552465566862,1.000000000000,8c 8h, Ac Ts
7c Qs,1, 8c Ad,7c Qs,A8,Q7,0,0.640892621871,0.355221385922,0.003885992207,0.355221385922,1.000000000000,8c Ad, 7c Qs
Draw,2, Kc Qd,Ks Qc,KQ,KQ,0,0.018237415786,0.010891173530,0.970871410684,0.970871410684,1.000000000000,Ks Qc, Kc Qd
6h 0m 6s,1,6h 0m 6s,Qs Jh,66,QJ,1,0.511170329568,0.482812047393,0.006017623039,0.511170329568,1.000000000000,6h 0m 6s, Qs Jh
Kc Kh,1, Kc Kh,Qs Ac,KK,AQ,1,0.712106027902,0.283673343051,0.004220629047,0.712106027902,1.000000000000,Kc Kh, Qs Ac
Qd Qh,1, Qd Qh,3h Jh,QQ,J3 s,1,0.844296923911,0.150935231127,0.004767844962,0.844296923911,1.000000000000,Qd Qh, 3h Jh
Draw,2, Kd Kh,Qh Ah,KK,AQ s,0,0.681927391398,0.313335132079,0.004737476523,0.004737476523,1.000000000000,Kd Kh, Qh Ah
Qs As,1, Qs As,Jh Ac,AQ s,AJ,1,0.723214452574,0.221887585382,0.054897962044,0.723214452574,1.000000000000,Qs As, Jh Ac
Kh 7c,1, Kh 7c,5h,K7,75s,1,0.660319078855,0.301145707772,0.038535213373,0.660319078855,1.000000000000,5h, Kh 7c
9s 9c,1, 9s 9c,Ah Kc,99,AK,1,0.550759094180,0.445329801250,0.003911104570,0.550759094180,1.000000000000,Ah Kc, 9s 9c
Ac Js,1, Qs Qc,Ac Js,QQ,AJ,0,0.715875802428,0.279332992272,0.004791205300,0.279332992272,1.000000000000,Qs Qc, Ac Js
Kc Kd,1, Kc Kd,Qs Qh,KK,QQ,1,0.810524299423,0.185630588961,0.003845111616,0.810524299423,1.000000000000,Kc Kd, Qs Qh
Kh 9d,1, As 7c,Kh 9d,A7,K9,0,0.590606574533,0.406190139134,0.003203286332,0.406190139134,1.000000000000,Kh 9d, As 7c
Kc Td,1, As 6d,Kc Td,A6,KT,0,0.565583564601,0.430302095890,0.004114339510,0.430302095890,1.000000000000,Kc Td, As 6d
Th 7s,1, Qd Kd,Th 7s,KQ s,T7,0,0.676683579551,0.317197763948,0.006118656500,0.317197763948,1.000000000000,Qd Kd, Th 7s
9d Qs,1, 9d Qs,2d,Q9,52s,1,0.621059110999,0.368839294892,0.010101594109,0.621059110999,1.000000000000,9d Qs,2d
7d As,1, 7d As,8s Kh,A7,K8,1,0.607295199918,0.388806543698,0.003898256384,0.607295199918,1.000000000000,7d As, 8s Kh
Ks Jh,1, Ks Jh,Th 8h,KJ,T8 s,1,0.620913108887,0.372072365655,0.007014525458,0.620913108887,1.000000000000,Ks Jh, Th 8h
8d 0h 0m 8s,1,8d 0h 0m 8s,Ah Tc,88,AT,1,0.556921551313,0.440304992571,0.002773456115,0.556921551313,1.000000000000,8d 0h 0m 8s, Ah Tc
Ad 5c,1, Ad 5c,Ac 3h,A5,A3,1,0.334853507321,0.222017235257,0.443129257422,0.334853507321,1.000000000000,Ad 5c, Ac 3h
Qc Ts,1, Qc Ts,2h 0m 2s,QT,22,1,0.500018688270,0.488433128697,0.011548183033,0.500018688270,1.000000000000,Qc Ts,2h 0m 2s
As 9h,1, As 9h,Qs Td,A9,QT,1,0.570903881554,0.424896513703,0.004199604743,0.570903881554,1.000000000000,Qs Td, As 9h
As Jc,1,9d 0h 0m 9s,As Jc,99,AJ,0,0.552707346359,0.443505942870,0.003786710771,0.443505942870,1.000000000000,9d 0h 0m 9s, As Jc
8d 0h 0m 8s,1,8d 0h 0m 8s,Ts As,88,AT s,1,0.526994038442,0.468754964072,0.004250997486,0.526994038442,1.000000000000,Ts As,8d 0h 0m 8s
Kh Ks,1, Kh Ks,Ad Qc,KK,AQ,1,0.714384244854,0.282196385689,0.003419369458,0.714384244854,1.000000000000,Kh Ks, Ad Qc
Ah Kd,1, Ah Kd,Kh Js,AK,KJ,1,0.739272932844,0.249184140199,0.011542926957,0.739272932844,1.000000000000,Ah Kd, Kh Js
Qh Qs,1, Qh Qs,6h,QQ,64s,1,0.795168381315,0.200377386259,0.004454232426,0.795168381315,1.000000000000,Qh Qs,6h
7s 5c,1, 7s 5c,2c 3c,75,32s,1,0.578077841318,0.344585424084,0.077336734599,0.578077841318,1.000000000000,7s 5c, 2c 3c
Qs 6s,1, 9h Kd,Qs 6s,K9,Q6 s,0,0.596686102468,0.397275834198,0.006038063335,0.397275834198,1.000000000000,9h Kd, Qs 6s
As Kd,1, As Kd,Ts Kc,AK,KT,1,0.735977957185,0.252645558265,0.011376484549,0.735977957185,1.000000000000,As Kd, Ts Kc
9d Ac,1, Js Jc,9d Ac,JJ,A9,0,0.715305226175,0.281015520608,0.003679253217,0.281015520608,1.000000000000,Js Jc, 9d Ac
6c Tc,1, Qh 3s,6c Tc,Q3,T6 s,0,0.539432834357,0.451381880788,0.009185284856,0.451381880788,1.000000000000,6c Tc, Qh 3s
Kd Kc,1, Kd Kc,Ad 8s,KK,A8,1,0.711183878564,0.285107667797,0.003708453639,0.711183878564,1.000000000000,Kd Kc, Ad 8s
Jh Ad,1, 5d 5c,Jh Ad,55,AJ,0,0.536998687149,0.458711186799,0.004290126052,0.458711186799,1.000000000000,Jh Ad, 5d 5c
As Kc,1, As Kc,Ad Qc,AK,AQ,1,0.723533905194,0.229671833973,0.046794260832,0.723533905194,1.000000000000,As Kc, Ad Qc
Qh Ad,1, Qh Ad,Jd As,AQ,AJ,1,0.713578313197,0.228422639905,0.057999046898,0.713578313197,1.000000000000,Qh Ad, Jd As
Ad Qd,1, Ad Qd,As 5d,AQ s,A5,1,0.701785430624,0.240723025818,0.057491543558,0.701785430624,1.000000000000,Ad Qd, As 5d
Td Js,1, 7c Ac,Td Js,A7 s,JT,0,0.575447467272,0.420748301703,0.003804231024,0.420748301703,1.000000000000,7c Ac, Td Js
Kh Ac,1, Kd Ks,Kh Ac,KK,AK,0,0.696133980882,0.295976064998,0.007889954120,0.295976064998,1.000000000000,Kd Ks, Kh Ac
Kc Ad,1, Kc Ad,As Qh,AK,AQ,1,0.717210261729,0.236887842346,0.045901895925,0.717210261729,1.000000000000,Kc Ad, As Qh
Kd Kc,1, Kd Kc,Td Qd,KK,QT s,1,0.822484208412,0.172997318233,0.004518473355,0.822484208412,1.000000000000,Kd Kc, Td Qd
6d As,1,5d 0h 0m 5s,6d As,55,A6,0,0.556956591820,0.437640162027,0.005403246153,0.437640162027,1.000000000000,5d 0h 0m 5s, 6d As
Ac 5d,1, Ah 7d,Ac 5d,A7,A5,0,0.478094427158,0.238433128697,0.283472444145,0.238433128697,1.000000000000,Ah 7d, Ac 5d
Ks Kd,1, Ks Kd,9d 0h 0m 9s,KK,99,1,0.812456199366,0.182795811959,0.004747988675,0.812456199366,1.000000000000,Ks Kd,9d 0h 0m 9s
As Qh,1, As Qh,8s Kh,AQ,K8,1,0.644669404498,0.350202417328,0.005128178174,0.644669404498,1.000000000000,As Qh, 8s Kh
Qd Ks,1, Qd Ks,Kc 7c,KQ,K7 s,1,0.664135574057,0.281213499472,0.054650926471,0.664135574057,1.000000000000,Qd Ks, Kc 7c
Qh Qc,1, Qh Qc,7h 7c,QQ,77,1,0.813677945038,0.181831030004,0.004491024958,0.813677945038,1.000000000000,Qh Qc, 7h 7c
Kc Ad,1, Kc Ad,Ah Qs,AK,AQ,1,0.717210261729,0.236887842346,0.045901895925,0.717210261729,1.000000000000,Kc Ad, Ah Qs
Ac Js,1, Ac Js,Ks 9h,AJ,K9,1,0.634550290135,0.361080158663,0.004369551201,0.634550290135,1.000000000000,Ac Js, Ks 9h
Jc Qc,1, Ac Qh,Jc Qc,AQ,QJ s,0,0.691173997141,0.293542501799,0.015283501061,0.293542501799,1.000000000000,Ac Qh, Jc Qc
Tc Ah,1, Tc Ah,6h,AT,76s,1,0.595226081350,0.400247853185,0.004526065465,0.595226081350,1.000000000000,Tc Ah,6h
Kc Qc,1, Kc Qc,Js 8d,KQ s,J8,1,0.680473210365,0.313197306086,0.006329483550,0.680473210365,1.000000000000,Kc Qc, Js 8d
Qc Ah,1, Qc Ah,3s Ac,AQ,A3,1,0.695754959400,0.243415888767,0.060829151833,0.695754959400,1.000000000000,Qc Ah, 3s Ac
Ad Ac,1, Ad Ac,Kd Qs,AA,KQ,1,0.869173347723,0.126752609350,0.004074042927,0.869173347723,1.000000000000,Ad Ac, Kd Qs
Draw,2, Jc Ac,Ad Jd,AJ s,AJ s,0,0.071574907259,0.071574907259,0.856850185481,0.856850185481,1.000000000000,Jc Ac, Ad Jd
Ts Th,1, Ts Th,Qd 5h,TT,Q5,1,0.723661219036,0.272236705632,0.004102075332,0.723661219036,1.000000000000,Ts Th, Qd 5h
Kc Jc,1,7d 7h,Kc Jc,77,KJ s,0,0.508844807931,0.487197366823,0.003957825246,0.487197366823,1.000000000000,Kc Jc,7d 7h
Qh Ad,1, Qh Ad,4d 6h,AQ,64,1,0.637771680730,0.356962315103,0.005266004167,0.637771680730,1.000000000000,Qh Ad,4d 6h
Draw,2, Ts Tc,Td Th,TT,TT,0,0.021734458367,0.021734458367,0.956531083266,0.956531083266,1.000000000000,Ts Tc, Td Th
Js As,1, Js As,8h Ac,AJ s,A8,1,0.703161938534,0.222398008765,0.074440052701,0.703161938534,1.000000000000,Js As, 8h Ac
Ac Ad,1, Ac Ad,7s 7c,AA,77,1,0.803124912399,0.193509446921,0.003365640681,0.803124912399,1.000000000000,Ac Ad, 7s 7c
Ah 7c,1, Ah 7c,Kh Qc,A7,KQ,1,0.573525495473,0.421480648296,0.004993856231,0.573525495473,1.000000000000,Kh Qc, Ah 7c
As Kc,1, Js Jc,As Kc,JJ,AK,0,0.562046225437,0.433089568208,0.004864206356,0.433089568208,1.000000000000,Js Jc, As Kc
8s Qs,1, As 9c,8s Qs,A9,Q8 s,0,0.598705603678,0.396582032163,0.004712364160,0.396582032163,1.000000000000,8s Qs, As 9c
9s Ts,1, 8h Kd,9s Ts,K8,T9 s,0,0.522081359385,0.471785967912,0.006132672703,0.471785967912,1.000000000000,9s Ts, 8h Kd
Draw,2, Ad 5d,Kd 4s,A5 s,K4,0,0.664125061905,0.330132967043,0.005741971052,0.005741971052,1.000000000000,Ad 5d, Kd 4s
3s Ac,1, 3s Ac,Kc 3d,A3,K3,1,0.752535180669,0.225882787169,0.021582032163,0.752535180669,1.000000000000,3s Ac, Kc 3d
Th Tc,1, Th Tc,7d 0h 0m 7s,TT,77,1,0.803739289285,0.192304637494,0.003956073221,0.803739289285,1.000000000000,Th Tc,7d 0h 0m 7s
Jd Ks,1, Jc Ac,Jd Ks,AJ s,KJ,0,0.747943122249,0.237121445725,0.014935432026,0.237121445725,1.000000000000,Jc Ac, Jd Ks
Ah Ac,1, Ah Ac,Kh Jc,AA,KJ,1,0.872095141984,0.123172053561,0.004732804455,0.872095141984,1.000000000000,Ah Ac, Kh Jc
Kc Ad,1, Kc Ad,As Tc,AK,AT,1,0.717089955989,0.236363402760,0.046546641251,0.717089955989,1.000000000000,Kc Ad, As Tc
Kd Qc,1, Kd Qc,7d 0h 0m 5s,KQ,75,1,0.635054873434,0.358234869509,0.006710257057,0.635054873434,1.000000000000,Kd Qc,7d 0h 0m 5s
Kc Ks,1, Kc Ks,Qc Ad,KK,AQ,1,0.719457526234,0.276321260711,0.004221213056,0.719457526234,1.000000000000,Kc Ks, Qc Ad
Jd Kh,1, Jd Kh,5c 4c,KJ,54s,1,0.581075556677,0.412270251077,0.006654192246,0.581075556677,1.000000000000,Jd Kh, 5c 4c
9s As,1, 5c 5d,9s As,55,A9 s,0,0.520961815192,0.474680897785,0.004357287024,0.474680897785,1.000000000000,9s As, 5c 5d
Kc Kh,1, Kc Kh,Ac 6c,KK,A6 s,1,0.681536689747,0.314114783356,0.004348526897,0.681536689747,1.000000000000,Kc Kh, Ac 6c
Jc Js,1, Jc Js,Tc Ks,JJ,KT,1,0.712608275166,0.282716737215,0.004674987619,0.712608275166,1.000000000000,Jc Js, Tc Ks
9h Ac,1, 9h Ac,2s Ks,A9,K2 s,1,0.596419794616,0.399026691522,0.004553513862,0.596419794616,1.000000000000,9h Ac, 2s Ks
Ad Qd,1, Ad Qd,Kd Jc,AQ s,KJ,1,0.641125641241,0.353635802988,0.005238555770,0.641125641241,1.000000000000,Ad Qd, Kd Jc
Qs Qh,1, Qs Qh,Ad Tc,QQ,AT,1,0.709319723600,0.287625328213,0.003054948187,0.709319723600,1.000000000000,Qs Qh, Ad Tc
Ac Ad,1, Ac Ad,Js Jh,AA,JJ,1,0.803114400247,0.193630336669,0.003255263084,0.803114400247,1.000000000000,Ac Ad, Js Jh
Jh As,1, Jh As,Td Ks,AJ,KT,1,0.628419369458,0.367135158243,0.004445472299,0.628419369458,1.000000000000,Jh As, Td Ks
Jd Qs,1, Jd Qs,5d 0h 0m 3s,QJ,53,1,0.645192676067,0.344582504041,0.010224819892,0.645192676067,1.000000000000,Jd Qs,5d 0h 0m 3s
Ts Ac,1, Ts Ac,3h 0m 9s,AT,93,1,0.678235289995,0.317153963315,0.004610746690,0.678235289995,1.000000000000,Ts Ac,3h 0m 9s
Js As,1, Js As,Kh Qc,AJ s,KQ,1,0.618827614723,0.376731001037,0.004441384240,0.618827614723,1.000000000000,Js As, Kh Qc
As 9c,1, Ah Qd,As 9c,AQ,A9,0,0.704364995935,0.238096739831,0.057538264233,0.238096739831,1.000000000000,Ah Qd, As 9c
3h 0m 3s,1, 9c Td,3h 0m 3s,T9,33,0,0.496856866538,0.489492520020,0.013650613442,0.489492520020,1.000000000000,9c Td,3h 0m 3s
3s Ac,1, 3s Ac,Jd 9d,A3,J9 s,1,0.522145600314,0.473322494137,0.004531905549,0.522145600314,1.000000000000,Jd 9d, 3s Ac
9h 0m 9s,1,9h 0m 9s,Ad Qs,99,AQ,1,0.551931783141,0.444223105243,0.003845111616,0.551931783141,1.000000000000,9h 0m 9s, Ad Qs
2h Ac,1, 2h Ac,9h Kd,A2,K9,1,0.580305249535,0.414892449004,0.004802301460,0.580305249535,1.000000000000,9h Kd, 2h Ac
Kh Jc,1, Kh Jc,5s,KJ,75s,1,0.591270008129,0.402464749250,0.006265242620,0.591270008129,1.000000000000,Kh Jc,5s
8d Kd,1, 4c Ac,8d Kd,A4 s,K8 s,0,0.583083961726,0.411957222549,0.004958815724,0.411957222549,1.000000000000,4c Ac, 8d Kd
As 3s,1, Ks Kd,As 3s,KK,A3 s,0,0.674276880741,0.320721670918,0.005001448341,0.320721670918,1.000000000000,Ks Kd, As 3s
Ks Kd,1, Ks Kd,Jc 8d,KK,J8,1,0.847763014044,0.148558900756,0.003678085200,0.847763014044,1.000000000000,Ks Kd, Jc 8d
Qs 4s,1, Kc 8s,Qs 4s,K8,Q4 s,0,0.595030438520,0.397510021585,0.007459539895,0.397510021585,1.000000000000,Qs 4s, Kc 8s
Ac Tc,1, Ac Tc,6s Js,AT s,J6 s,1,0.624057410366,0.371425868304,0.004516721330,0.624057410366,1.000000000000,Ac Tc, 6s Js
Ah Th,1, Ah Th,Jh Kc,AT s,KJ,1,0.613141708482,0.381809538493,0.005048753025,0.613141708482,1.000000000000,Ah Th, Jh Kc
8d 0h 0m 8s,1, Ts Th,8d 0h 0m 8s,TT,88,0,0.813801170820,0.181321190630,0.004877638550,0.181321190630,1.000000000000,Ts Th,8d 0h 0m 8s
9s Ac,1, Ts Tc,9s Ac,TT,A9,0,0.721634709724,0.273981722872,0.004383567404,0.273981722872,1.000000000000,Ts Tc, 9s Ac
Draw,2, Ad Qh,Qs Ac,AQ,AQ,0,0.021731538325,0.021731538325,0.956536923350,0.956536923350,1.000000000000,Ad Qh, Qs Ac
Ad 6s,1, Ad 6s,4h Kc,A6,K4,1,0.635185691326,0.360847139293,0.003967169381,0.635185691326,1.000000000000,Ad 6s, 4h Kc
Qh Ad,1, Qh Ad,4d 8h,AQ,84,1,0.663370522991,0.331385665162,0.005243811846,0.663370522991,1.000000000000,Qh Ad,4d 8h
Ac Jh,1,7d 7h,Ac Jh,77,AJ,0,0.544626421477,0.451683229146,0.003690349377,0.451683229146,1.000000000000,Ac Jh,7d 7h
Ad As,1, Ad As,Jc 6h,AA,J6,1,0.863461161102,0.133749614554,0.002789224343,0.863461161102,1.000000000000,Ad As, Jc 6h
8d 0h 0m 8s,1, Ac As,8d 0h 0m 8s,AA,88,0,0.802938029696,0.193703921734,0.003358048571,0.193703921734,1.000000000000,Ac As,8d 0h 0m 8s
9d 0h 0m 9s,1,9d 0h 0m 9s,Ad Kc,99,AK,1,0.550753254095,0.445336225343,0.003910520562,0.550753254095,1.000000000000,Ad Kc,9d 0h 0m 9s
Ah Ad,1, Ah Ad,Kh Ks,AA,KK,1,0.817146955214,0.178225945860,0.004627098926,0.817146955214,1.000000000000,Ah Ad, Kh Ks
As Ts,1, Qh Qc,As Ts,QQ,AT s,0,0.672204818770,0.324163232697,0.003631948533,0.324163232697,1.000000000000,Qh Qc, As Ts
As Ac,1, As Ac,Ah Kd,AA,AK,1,0.919485675441,0.067987927377,0.012526397182,0.919485675441,1.000000000000,As Ac, Ah Kd
Ac 4d,1, Ac 4d,9d 2h,A4,92,1,0.637793289042,0.356681407040,0.005525303918,0.637793289042,1.000000000000,Ac 4d,9d 2h
3d Ks,1, 9s 9c,3d Ks,99,K3,0,0.711040796494,0.284341448715,0.004617754791,0.284341448715,1.000000000000,9s 9c, 3d Ks
Kd 6c,1, Ac 6d,Kd 6c,A6,K6,0,0.740961301264,0.227662844915,0.031375853820,0.227662844915,1.000000000000,Ac 6d, Kd 6c
7d,1, Qc Kh,7d,KQ,76s,0,0.582306062475,0.411842172885,0.005851764640,0.411842172885,1.000000000000,Qc Kh,7d
3h 0m 5s,1, 8c Jh,3h 0m 5s,J8,53,0,0.637030574010,0.349131929844,0.013837496146,0.349131929844,1.000000000000,8c Jh,3h 0m 5s
6d Qc,1, 6d Qc,5s,Q6,52s,1,0.605216713855,0.385360893860,0.009422392285,0.605216713855,1.000000000000,6d Qc,5s
4c 2c,1,6h,4c 2c,96s,42s,0,0.619973439296,0.351069669872,0.028956890832,0.351069669872,1.000000000000,6h, 4c 2c
Ac 4c,1, Ac 4c,9h Kh,A4 s,K9 s,1,0.571757701903,0.423212817350,0.005029480746,0.571757701903,1.000000000000,9h Kh, Ac 4c
As Jd,1, As Jd,7h Ah,AJ,A7 s,1,0.641848643699,0.283473612162,0.074677744139,0.641848643699,1.000000000000,As Jd, 7h Ah
Th 7d,1, Jc Js,Th 7d,JJ,T7,0,0.851292761098,0.145780188565,0.002927050337,0.145780188565,1.000000000000,Jc Js, Th 7d
5d 0h 0m 5s,1,5d 0h 0m 5s,8s Tc,55,T8,1,0.508356576870,0.481975163289,0.009668259842,0.508356576870,1.000000000000,5d 0h 0m 5s, 8s Tc
Qs 4h,1, 9c As,Qs 4h,A9,Q4,0,0.637013637765,0.358300862464,0.004685499771,0.358300862464,1.000000000000,9c As, Qs 4h
Qd Jc,1, Qd Jc,7d,QJ,87s,1,0.611138559508,0.379714700193,0.009146740298,0.611138559508,1.000000000000,Qd Jc,7d
Th Qd,1, Qc Qh,Th Qd,QQ,QT,0,0.881931596259,0.101528116503,0.016540287239,0.101528116503,1.000000000000,Qc Qh, Th Qd
Ah Jc,1, Js Jh,Ah Jc,JJ,AJ,0,0.684939706968,0.297227595100,0.017832697932,0.297227595100,1.000000000000,Js Jh, Ah Jc
Ks Ah,1, Jc Jd,Ks Ah,JJ,AK,0,0.570907385604,0.425829175193,0.003263439202,0.425829175193,1.000000000000,Jc Jd, Ks Ah
3c 4c,1, As 8s,3c 4c,A8 s,43s,0,0.622947210308,0.371587638644,0.005465151048,0.371587638644,1.000000000000,As 8s, 3c 4c
Qc Jh,1, 7c Ac,Qc Jh,A7 s,QJ,0,0.575544412674,0.419662630000,0.004792957325,0.419662630000,1.000000000000,7c Ac, Qc Jh
5d 5h,1,5d 5h,Ad 9d,55,A9 s,1,0.524278983171,0.470554878106,0.005166138723,0.524278983171,1.000000000000,Ad 9d,5d 5h
Td Th,1, Td Th,As Js,TT,AJ s,1,0.538866930171,0.457568282268,0.003564787561,0.538866930171,1.000000000000,Td Th, As Js
9h Th,1, Qs 8s,9h Th,Q8 s,T9 s,0,0.553907483718,0.437161275101,0.008931241181,0.437161275101,1.000000000000,9h Th, Qs 8s
Qh Qs,1, Qh Qs,Ah Kh,QQ,AK s,1,0.538805609284,0.456457498201,0.004736892514,0.538805609284,1.000000000000,Qh Qs, Ah Kh
Qh Jc,1, Qh Jc,8c 9c,QJ,98s,1,0.611985955765,0.378728893935,0.009285150300,0.611985955765,1.000000000000,Qh Jc, 8c 9c
9h,1,9h,4c 3s,95s,43,1,0.641834043488,0.327289429914,0.030876526598,0.641834043488,1.000000000000,9h, 4c 3s
3c 3h,1, 3c 3h,4d Qd,33,Q4 s,1,0.509669427859,0.480024575075,0.010305997066,0.509669427859,1.000000000000,3c 3h, 4d Qd
Kh Ts,1, Qh Qs,Kh Ts,QQ,KT,0,0.710702071595,0.284533587494,0.004764340911,0.284533587494,1.000000000000,Qh Qs, Kh Ts
Ad Kd,1, Ad Kd,Ts Qh,AK s,QT,1,0.661015216924,0.334670712677,0.004314070399,0.661015216924,1.000000000000,Ad Kd, Ts Qh
9h 0m 9s,1,9h 0m 9s,Qs Jc,99,QJ,1,0.543589222475,0.452473392575,0.003937384950,0.543589222475,1.000000000000,9h 0m 9s, Qs Jc
Kc Kd,1, Kc Kd,Qh Qs,KK,QQ,1,0.810524299423,0.185630588961,0.003845111616,0.810524299423,1.000000000000,Kc Kd, Qh Qs
5d 0h 0m 5s,1,5d 0h 0m 5s,5h As,55,A5,1,0.659062292677,0.312828796756,0.028108910567,0.659062292677,1.000000000000,5d 0h 0m 5s, 5h As
5h,1, 7c Kd,5h,K7,53s,0,0.591727286743,0.401414118054,0.006858595203,0.401414118054,1.000000000000,5h, 7c Kd
Ah Qc,1, Ah Qc,8c Ac,AQ,A8 s,1,0.671188644073,0.271917837020,0.056893518908,0.671188644073,1.000000000000,Ah Qc, 8c Ac
Ts Qh,1, Kd 2d,Ts Qh,K2 s,QT,0,0.576773750456,0.416433647296,0.006792602248,0.416433647296,1.000000000000,Ts Qh, Kd 2d
Qd Qh,1, Qd Qh,5s,QQ,65s,1,0.767808169577,0.228687195732,0.003504634691,0.767808169577,1.000000000000,Qd Qh,5s
Kh Jh,1, Kh Jh,Ks Ts,KJ s,KT s,1,0.663236201048,0.265132826881,0.071630972070,0.663236201048,1.000000000000,Kh Jh, Ks Ts
9h Ah,1, 9h Ah,Kc Qh,A9 s,KQ,1,0.596691358544,0.398218423831,0.005090217625,0.596691358544,1.000000000000,9h Ah, Kc Qh
Kc Kh,1, Kc Kh,6h Ad,KK,A6,1,0.718440767527,0.277849026808,0.003710205664,0.718440767527,1.000000000000,Kc Kh, 6h Ad
8h 8c,1, 8h 8c,2d 6h,88,62,1,0.866954115624,0.123208846093,0.009837038283,0.866954115624,1.000000000000,8h 8c,2d 6h
Js Jh,1, Js Jh,Tc 7c,JJ,T7 s,1,0.811604715051,0.184849185659,0.003546099291,0.811604715051,1.000000000000,Js Jh, Tc 7c
8d Ad,1, 8d Ad,Ah 5d,A8 s,A5,1,0.561876862987,0.236228496809,0.201894640204,0.561876862987,1.000000000000,8d Ad, Ah 5d
Ah Qc,1, Ah Qc,Kh 9s,AQ,K9,1,0.637695759631,0.357837159757,0.004467080612,0.637695759631,1.000000000000,Ah Qc, Kh 9s
Ah 4d,1, 9c 9d,Ah 4d,99,A4,0,0.702222852951,0.293734640578,0.004042506471,0.293734640578,1.000000000000,9c 9d, Ah 4d
3d 3h,1,3d 3h,Ah 7h,33,A7 s,1,0.508916056962,0.485077416160,0.006006526878,0.508916056962,1.000000000000,Ah 7h,3d 3h
Draw,2, Kd As,Qc Ah,AK,AQ,0,0.717210261729,0.236887842346,0.045901895925,0.045901895925,1.000000000000,Kd As, Qc Ah
7c 7s,1, 7c 7s,Ad Jh,77,AJ,1,0.549142558798,0.447953751203,0.002903689999,0.549142558798,1.000000000000,Ad Jh, 7c 7s
Jc Jd,1, Kd Kc,Jc Jd,KK,JJ,0,0.819591614573,0.175239910670,0.005168474757,0.175239910670,1.000000000000,Kd Kc, Jc Jd
Jd Ac,1, Jd Ac,9s Kd,AJ,K9,1,0.634550290135,0.361080158663,0.004369551201,0.634550290135,1.000000000000,Jd Ac, 9s Kd
Kd 6d,1, Qd Qs,Kd 6d,QQ,K6 s,0,0.683206369897,0.312599281436,0.004194348667,0.312599281436,1.000000000000,Qd Qs, Kd 6d
6h 6c,1, 6h 6c,As Qh,66,AQ,1,0.544497355610,0.451742213999,0.003760430391,0.544497355610,1.000000000000,As Qh, 6h 6c
Jh Jc,1, Jh Jc,Ad Ks,JJ,AK,1,0.570907385604,0.425829175193,0.003263439202,0.570907385604,1.000000000000,Jh Jc, Ad Ks
Kc Ac,1, Kc Ac,5s,AK s,65s,1,0.601535708612,0.393564460516,0.004899830871,0.601535708612,1.000000000000,Kc Ac,5s
Ad Jd,1, Jc Jh,Ad Jd,JJ,AJ s,0,0.646642185033,0.336770807053,0.016587007914,0.336770807053,1.000000000000,Jc Jh, Ad Jd
Ad Kc,1, Td Tc,Ad Kc,TT,AK,0,0.562425830927,0.432867644998,0.004706524075,0.432867644998,1.000000000000,Td Tc, Ad Kc
Td Tc,1, Td Tc,Qh Jh,TT,QJ s,1,0.527169824984,0.469120553360,0.003709621656,0.527169824984,1.000000000000,Td Tc, Qh Jh
Qd 5c,1, Qd 5c,Td 7c,Q5,T7,1,0.568777506798,0.421093450696,0.010129042506,0.568777506798,1.000000000000,Td 7c, Qd 5c
Draw,2, 5s Ac,5c Qs,A5,Q5,0,0.740654112821,0.228673179529,0.030672707650,0.030672707650,1.000000000000,5s Ac, 5c Qs
Ah Qc,1, Ah Qc,Ks Qd,AQ,KQ,1,0.736276385502,0.253135541352,0.010588073146,0.736276385502,1.000000000000,Ah Qc, Ks Qd
5c 5d,1, 5c 5d,Ks Th,55,KT,1,0.524399872920,0.470728912623,0.004871214457,0.524399872920,1.000000000000,5c 5d, Ks Th
9h Qh,1, Ac Tc,9h Qh,AT s,Q9 s,0,0.611273465459,0.384097099580,0.004629434960,0.384097099580,1.000000000000,Ac Tc, 9h Qh
As Jd,1, As Jd,Ks Jc,AJ,KJ,1,0.738572122707,0.245716882049,0.015710995244,0.738572122707,1.000000000000,As Jd, Ks Jc
Tc As,1, Tc As,2c Ac,AT,A2 s,1,0.626042455078,0.267893434811,0.106064110111,0.626042455078,1.000000000000,Tc As, 2c Ac
Kh Ac,1, Kh Ac,9c Kc,AK,K9 s,1,0.722604163747,0.264620651473,0.012775184780,0.722604163747,1.000000000000,Kh Ac, 9c Kc
Kd Kh,1, Kd Kh,Ah Td,KK,AT,1,0.709288187144,0.285973168316,0.004738644540,0.709288187144,1.000000000000,Kd Kh, Ah Td
7h 0m 7s,1,8d 8h,7h 0m 7s,88,77,0,0.813509750605,0.177097057532,0.009393191863,0.177097057532,1.000000000000,8d 8h,7h 0m 7s
As Js,1,8d 8h,As Js,88,AJ s,0,0.523276824676,0.473283365571,0.003439809753,0.473283365571,1.000000000000,As Js,8d 8h
8c 8h,1, 8c 8h,7d 0h 0m 7s,88,77,1,0.806987544268,0.184399499154,0.008612956578,0.806987544268,1.000000000000,8c 8h,7d 0h 0m 7s
Ah As,1, Ah As,Js 2s,AA,J2 s,1,0.845766289164,0.149451849672,0.004781861165,0.845766289164,1.000000000000,Ah As, Js 2s
7d 0h 0m 7s,1,7d 0h 0m 7s,As Kd,77,AK,1,0.543597398593,0.452003849784,0.004398751624,0.543597398593,1.000000000000,As Kd,7d 0h 0m 7s
Draw,2, Kh Ad,Ac Kd,AK,AK,0,0.018236831778,0.010891173530,0.970871994693,0.970871994693,1.000000000000,Kh Ad, Ac Kd
7h 0m 7s,1,7h 0m 7s,Ac Ks,77,AK,1,0.548034694774,0.448356717032,0.003608588195,0.548034694774,1.000000000000,Ac Ks,7h 0m 7s
5c 5d,1, 5c 5d,Ah 9s,55,A9,1,0.553856090974,0.442398662854,0.003745246171,0.553856090974,1.000000000000,5c 5d, Ah 9s
7h Kc,1, 9d Ac,7h Kc,A9,K7,0,0.635517992132,0.360489726123,0.003992281744,0.360489726123,1.000000000000,9d Ac, 7h Kc
Qs 5s,1, Qs 5s,3c Qh,Q5 s,Q3,1,0.380926517721,0.207223717284,0.411849764995,0.380926517721,1.000000000000,Qs 5s, 3c Qh
Ad 7d,1, Ad 7d,Td Js,A7 s,JT,1,0.568008367673,0.427356357282,0.004635275045,0.568008367673,1.000000000000,Ad 7d, Td Js
As Qh,1, As Qh,Jc Qd,AQ,QJ,1,0.717819382540,0.268277128360,0.013903489100,0.717819382540,1.000000000000,As Qh, Jc Qd
8h 0m 9s,1,8h 0m 9s,5c 7c,98,75s,1,0.602847391585,0.369450167727,0.027702440688,0.602847391585,1.000000000000,5c 7c,8h 0m 9s
Ts Kh,1, Ts Kh,Th 7c,KT,T7,1,0.712496729553,0.254422695970,0.033080574477,0.712496729553,1.000000000000,Ts Kh, Th 7c
Qc Ah,1,6d 0h 0m 6s,Qc Ah,66,AQ,0,0.548915379512,0.448095081247,0.002989539241,0.448095081247,1.000000000000,Qc Ah,6d 0h 0m 6s
Ks Kh,1, Ks Kh,7c Qc,KK,Q7 s,1,0.829592175221,0.166937062578,0.003470762201,0.829592175221,1.000000000000,Ks Kh, 7c Qc
As Ac,1, As Ac,2d,AA,72s,1,0.831153229800,0.165057723395,0.003789046805,0.831153229800,1.000000000000,As Ac,2d
Ad Th,1, Ad Th,Kc Jc,AT,KJ s,1,0.556878334688,0.438903372298,0.004218293013,0.556878334688,1.000000000000,Kc Jc, Ad Th
Kh Js,1, Ad Ac,Kh Js,AA,KJ,0,0.857618740597,0.139248638092,0.003132621310,0.139248638092,1.000000000000,Ad Ac, Kh Js
Ah Qc,1, Ah Qc,Ac 9h,AQ,A9,1,0.709919500276,0.230400092507,0.059680407217,0.709919500276,1.000000000000,Ah Qc, Ac 9h
Kd Ks,1, Kd Ks,Ah 7c,KK,A7,1,0.709592455545,0.287630584289,0.002776960166,0.709592455545,1.000000000000,Kd Ks, Ah 7c
8s Kh,1, Tc Kc,8s Kh,KT s,K8,0,0.686723852774,0.216041660827,0.097234486400,0.216041660827,1.000000000000,Tc Kc, 8s Kh
Ac Qs,1, Ac Qs,Qd 9c,AQ,Q9,1,0.741257393547,0.243191045515,0.015551560938,0.741257393547,1.000000000000,Ac Qs, Qd 9c
2h Qc,1, 2h Qc,Js 6h,Q2,J6,1,0.582984096282,0.407419476915,0.009596426803,0.582984096282,1.000000000000,Js 6h, 2h Qc
9h Th,1, Kc Js,9h Th,KJ,T9 s,0,0.599228875246,0.394514058251,0.006257066502,0.394514058251,1.000000000000,Kc Js, 9h Th
Jd 9h,1, 2c As,Jd 9h,A2,J9,0,0.557540016259,0.438205482204,0.004254501537,0.438205482204,1.000000000000,Jd 9h, 2c As
9d 9h,1,9d 9h,Kc Ad,99,AK,1,0.550753254095,0.445336225343,0.003910520562,0.550753254095,1.000000000000,Kc Ad,9d 9h
As 2s,1, As 2s,Kd Ts,A2 s,KT,1,0.587570898625,0.406954022183,0.005475079192,0.587570898625,1.000000000000,Kd Ts, As 2s
7h 7c,1, 7h 7c,Qs Kc,77,KQ,1,0.534947649483,0.460811865183,0.004240485334,0.534947649483,1.000000000000,Qs Kc, 7h 7c
Kh 5h,1, 6d 6c,Kh 5h,66,K5 s,0,0.660700436371,0.333983918743,0.005315644885,0.333983918743,1.000000000000,6d 6c, Kh 5h
2s 8c,1, Kh Ad,2s 8c,AK,82,0,0.667604000224,0.328077841318,0.004318158458,0.328077841318,1.000000000000,Kh Ad, 2s 8c
3h 3c,1, 3h 3c,Td As,33,AT,1,0.525030018034,0.470345219073,0.004624762893,0.525030018034,1.000000000000,Td As, 3h 3c
Qd Ah,1, Kc Kh,Qd Ah,KK,AQ,0,0.712106027902,0.283673343051,0.004220629047,0.283673343051,1.000000000000,Kc Kh, Qd Ah
9s Ac,1, As Qh,9s Ac,AQ,A9,0,0.711047220587,0.230335267569,0.058617511844,0.230335267569,1.000000000000,As Qh, 9s Ac
As Ad,1, As Ad,9s Qc,AA,Q9,1,0.849342172885,0.147057999047,0.003599828068,0.849342172885,1.000000000000,As Ad, 9s Qc
Kd 6d,1, Ks Qc,Kd 6d,KQ,K6 s,0,0.661264004523,0.283779048580,0.054956946897,0.283779048580,1.000000000000,Ks Qc, Kd 6d
Ah 6c,1, Ah 6c,8c Kc,A6,K8 s,1,0.566526154234,0.428769073716,0.004704772050,0.566526154234,1.000000000000,8c Kc, Ah 6c
Ah 8c,1, Ah 8c,Ts Qh,A8,QT,1,0.567582625515,0.428349755651,0.004067618834,0.567582625515,1.000000000000,Ts Qh, Ah 8c
Ah Qd,1, Ah Qd,5h Ad,AQ,A5,1,0.693068520543,0.246718456536,0.060213022921,0.693068520543,1.000000000000,Ah Qd, 5h Ad
As Ah,1, As Ah,Jh Jc,AA,JJ,1,0.809449723881,0.186488497370,0.004061778750,0.809449723881,1.000000000000,As Ah, Jh Jc
Qh Ac,1,8d 8h,Qh Ac,88,AQ,0,0.550920864519,0.445388202095,0.003690933386,0.445388202095,1.000000000000,Qh Ac,8d 8h
Kh As,1, Kh As,Ad Td,AK,AT s,1,0.669546412319,0.286543744569,0.043909843112,0.669546412319,1.000000000000,Kh As, Ad Td
Ad Ac,1, Ad Ac,8s 8c,AA,88,1,0.802938029696,0.193703921734,0.003358048571,0.802938029696,1.000000000000,Ad Ac, 8s 8c
Kh Ac,1, Kh Ac,7s 6c,AK,76,1,0.618009418888,0.378077724516,0.003912856596,0.618009418888,1.000000000000,Kh Ac, 7s 6c
Kh Ah,1, Kh Ah,8c Ad,AK s,A8,1,0.730093488072,0.225208841421,0.044697670507,0.730093488072,1.000000000000,Kh Ah, 8c Ad
Js Qs,1, Js Qs,3h 0m 3s,QJ s,33,1,0.512617502500,0.477286159467,0.010096338033,0.512617502500,1.000000000000,Js Qs,3h 0m 3s
Ah 9h,1, Ah 9h,2s Ad,A9 s,A2,1,0.624922910885,0.224006952037,0.151070137078,0.624922910885,1.000000000000,Ah 9h, 2s Ad
Qs Qh,1, Qs Qh,Ah 8c,QQ,A8,1,0.710052070193,0.286323573384,0.003624356423,0.710052070193,1.000000000000,Qs Qh, Ah 8c
As Kh,1, As Kh,Th Jh,AK,JT s,1,0.598717283847,0.396257907474,0.005024808679,0.598717283847,1.000000000000,As Kh, Th Jh
Ah Qh,1, Ah Qh,Td Ad,AQ s,AT s,1,0.679092614396,0.268136966333,0.052770419271,0.679092614396,1.000000000000,Ah Qh, Td Ad
Qh Qs,1, Qh Qs,Jd Ac,QQ,AJ,1,0.713125122642,0.283679183136,0.003195694223,0.713125122642,1.000000000000,Qh Qs, Jd Ac
Kc 4c,1, Kc 4c,9d,K4 s,96s,1,0.554917234323,0.438161681571,0.006921084107,0.554917234323,1.000000000000,Kc 4c,9d
3s As,1, 3s As,6c Qd,A3 s,Q6,1,0.615718937759,0.379915015091,0.004366047151,0.615718937759,1.000000000000,3s As, 6c Qd
Ac Ks,1, Ac Ks,9h Ad,AK,A9,1,0.715466996515,0.238096739831,0.046436263654,0.715466996515,1.000000000000,Ac Ks, 9h Ad
Ah Kh,1, Ah Kh,Ad Qh,AK s,AQ,1,0.729625113298,0.225233953784,0.045140932918,0.729625113298,1.000000000000,Ah Kh, Ad Qh
Qd Kd,1, Qd Kd,9c 8c,KQ s,98s,1,0.617603533018,0.375780819294,0.006615647689,0.617603533018,1.000000000000,Qd Kd, 9c 8c
Ts 2s,1, Kd Qc,Ts 2s,KQ,T2 s,0,0.640066833927,0.353116035470,0.006817130603,0.353116035470,1.000000000000,Kd Qc, Ts 2s
6h,1, Td 4s,6h,T4,86s,0,0.517875914557,0.463312589353,0.018811496089,0.463312589353,1.000000000000,6h, Td 4s
Jd Qh,1, 3c 3s,Jd Qh,33,QJ,0,0.504102075332,0.486703879685,0.009194044983,0.486703879685,1.000000000000,Jd Qh, 3c 3s
Kh Qc,1, Kh Qc,Ts Qh,KQ,QT,1,0.726118142573,0.248889799942,0.024992057485,0.726118142573,1.000000000000,Kh Qc, Ts Qh
Ac Ks,1,2d 0h 0m 2s,Ac Ks,22,AK,0,0.523416986703,0.470412380045,0.006170633252,0.470412380045,1.000000000000,Ac Ks,2d 0h 0m 2s
Js Ad,1, Js Ad,6c 8d,AJ,86,1,0.634453928742,0.361608686308,0.003937384950,0.634453928742,1.000000000000,Js Ad, 6c 8d
7c 7s,1, 7c 7s,As 8h,77,A8,1,0.562893037685,0.433491366019,0.003615596296,0.562893037685,1.000000000000,7c 7s, As 8h
Kd As,1, Kd As,Tc Ac,AK,AT s,1,0.669546412319,0.286543744569,0.043909843112,0.669546412319,1.000000000000,Kd As, Tc Ac
Qc Qs,1, Qc Qs,Jd Ad,QQ,AJ s,1,0.675728141732,0.320530116148,0.003741742121,0.675728141732,1.000000000000,Qc Qs, Jd Ad
9d 9c,1, 9d 9c,8s Js,99,J8 s,1,0.668996860371,0.326575187584,0.004427952046,0.668996860371,1.000000000000,9d 9c, 8s Js
2s Ah,1, 2s Ah,Qc 7h,A2,Q7,1,0.592300199030,0.402568118745,0.005131682225,0.592300199030,1.000000000000,Qc 7h, 2s Ah
Ad Ah,1, Ad Ah,Qh Kd,AA,KQ,1,0.876477541371,0.118647740121,0.004874718508,0.876477541371,1.000000000000,Ad Ah, Qh Kd
Th Ac,1, Th Ac,Ad 8h,AT,A8,1,0.666521832572,0.226489571945,0.106988595483,0.666521832572,1.000000000000,Th Ac, Ad 8h
4h 0m 4s,1,4h 0m 4s,Ah 6d,44,A6,1,0.550842607387,0.444068927013,0.005088465600,0.550842607387,1.000000000000,4h 0m 4s, Ah 6d
Jd Js,1, Jd Js,Ac Kh,JJ,AK,1,0.570907385604,0.425829175193,0.003263439202,0.570907385604,1.000000000000,Jd Js, Ac Kh
Draw,2, 6s As,5h Ac,A6 s,A5,0,0.431339878900,0.230226057990,0.338434063110,0.338434063110,1.000000000000,6s As, 5h Ac
Tc As,1, Tc As,Ks Jd,AT,KJ,1,0.599249315542,0.396305212159,0.004445472299,0.599249315542,1.000000000000,Tc As, Ks Jd
Ts Ah,1,9d 9h,Ts Ah,99,AT,0,0.553470061391,0.442805132733,0.003724805876,0.442805132733,1.000000000000,9d 9h, Ts Ah
9d As,1, 9d As,Qc Jd,A9,QJ,1,0.564468692475,0.431232421346,0.004298886179,0.564468692475,1.000000000000,Qc Jd, 9d As
Kc Qd,1, Ac 7c,Kc Qd,A7 s,KQ,0,0.591924681599,0.403192423775,0.004882894626,0.403192423775,1.000000000000,Kc Qd, Ac 7c
9c Qc,1, Ad 8s,9c Qc,A8,Q9 s,0,0.544045333072,0.452067506704,0.003887160224,0.452067506704,1.000000000000,9c Qc, Ad 8s
Tc Ah,1, As Jc,Tc Ah,AJ,AT,0,0.691178669208,0.228291238004,0.080530092787,0.228291238004,1.000000000000,As Jc, Tc Ah
Ac Th,1, Ac Th,5s,AT,54s,1,0.584415500986,0.411002952747,0.004581546267,0.584415500986,1.000000000000,Ac Th,5s
Ks 5d,1, Ac 5c,Ks 5d,A5 s,K5,0,0.754666227492,0.217553074688,0.027780697820,0.217553074688,1.000000000000,Ac 5c, Ks 5d
Td Tc,1, Td Tc,7d 7c,TT,77,1,0.816458993263,0.178008110709,0.005532896028,0.816458993263,1.000000000000,Td Tc, 7d 7c
Kh Kc,1, Kh Kc,Qh Ah,KK,AQ s,1,0.681927391398,0.313335132079,0.004737476523,0.681927391398,1.000000000000,Kh Kc, Qh Ah
5c 5s,1, 5c 5s,Qc Ac,55,AQ s,1,0.515720339379,0.479189442996,0.005090217625,0.515720339379,1.000000000000,Qc Ac, 5c 5s
8s Ac,1, 8s Ac,7s Tc,A8,T7,1,0.621004214205,0.374463880246,0.004531905549,0.621004214205,1.000000000000,8s Ac, 7s Tc
Ah Ad,1, Ah Ad,Qd Qc,AA,QQ,1,0.813298339547,0.182357221615,0.004344438838,0.813298339547,1.000000000000,Ah Ad, Qd Qc
6c 6h,1, 6c 6h,Ad Ks,66,AK,1,0.552307300573,0.444569422252,0.003123277175,0.552307300573,1.000000000000,Ad Ks, 6c 6h
Ac Jd,1, Ac Jd,As 9d,AJ,A9,1,0.694168208449,0.227453185883,0.078378605668,0.694168208449,1.000000000000,Ac Jd, As 9d
Kh 5s,1, As 4s,Kh 5s,A4 s,K5,0,0.628756926340,0.365622576365,0.005620497295,0.365622576365,1.000000000000,As 4s, Kh 5s
Ts Tc,1, Ts Tc,7h Jc,TT,J7,1,0.713633209991,0.282441085228,0.003925704781,0.713633209991,1.000000000000,Ts Tc, 7h Jc
Jd Th,1, Qh As,Jd Th,AQ,JT,0,0.631696824863,0.363931871911,0.004371303227,0.363931871911,1.000000000000,Qh As, Jd Th
6d 6h,1,6d 6h,4d 0h 0m 4s,66,44,1,0.804183719713,0.176115923341,0.019700356946,0.804183719713,1.000000000000,6d 6h,4d 0h 0m 4s
Ad 8d,1, Ad 8d,2s As,A8 s,A2 s,1,0.541152155225,0.267639975145,0.191207869631,0.541152155225,1.000000000000,Ad 8d, 2s As
Ts Ah,1,7d 0h 0m 7s,Ts Ah,77,AT,0,0.545370448238,0.451005195339,0.003624356423,0.451005195339,1.000000000000,7d 0h 0m 7s, Ts Ah
Qc Th,1, Ts Kd,Qc Th,KT,QT,0,0.718872933778,0.253038011942,0.028089054280,0.253038011942,1.000000000000,Ts Kd, Qc Th
6s 7c,1, 8h As,6s 7c,A8,76,0,0.623317471664,0.372863113092,0.003819415244,0.372863113092,1.000000000000,8h As, 6s 7c
8s Qs,1, 8s Qs,Tc 9s,Q8 s,T9,1,0.583454807090,0.407133312776,0.009411880133,0.583454807090,1.000000000000,8s Qs, Tc 9s
Ah Ks,1, Ah Ks,Jd Kd,AK,KJ s,1,0.690395513881,0.298511245667,0.011093240453,0.690395513881,1.000000000000,Ah Ks, Jd Kd
8d 0h 0m 8s,1,8d 0h 0m 8s,Kh Jh,88,KJ s,1,0.510454335212,0.485698217139,0.003847447649,0.510454335212,1.000000000000,Kh Jh,8d 0h 0m 8s
Draw,2, Ah Kh,5c As,AK s,A5,0,0.717580523085,0.237553611975,0.044865864940,0.044865864940,1.000000000000,Ah Kh, 5c As
Draw,2,7s,7c 3d,76s,73,0,0.464962413216,0.203651337613,0.331386249171,0.331386249171,1.000000000000,7s, 7c 3d
8c 7c,1, Ac Td,8c 7c,AT,87s,0,0.596769031667,0.398772647848,0.004458320485,0.398772647848,1.000000000000,Ac Td, 8c 7c
5h 0m 5s,1,5h 0m 5s,Kd 9c,55,K9,1,0.541314509573,0.453686962128,0.004998528299,0.541314509573,1.000000000000,5h 0m 5s, Kd 9c
As Td,1, As Td,Qs 9d,AT,Q9,1,0.637298049879,0.357715101991,0.004986848130,0.637298049879,1.000000000000,As Td, Qs 9d
8h 0m 8s,1,8h 0m 8s,6d Ac,88,A6,1,0.707991688392,0.289277488110,0.002730823499,0.707991688392,1.000000000000,8h 0m 8s, 6d Ac
Jc Tc,1, Qs 9h,Jc Tc,Q9,JT s,0,0.535123436025,0.456186518282,0.008690045693,0.456186518282,1.000000000000,Jc Tc, Qs 9h
6c 5d,1, 4d As,6c 5d,A4,65,0,0.566604995375,0.428317635186,0.005077369439,0.428317635186,1.000000000000,6c 5d, 4d As
Ah Jh,1, Ah Jh,Ac 8h,AJ s,A8,1,0.698510311253,0.225614143283,0.075875545464,0.698510311253,1.000000000000,Ah Jh, Ac 8h
Ac 3s,1, Ac 3s,Th Kd,A3,KT,1,0.569262817817,0.426566777862,0.004170404321,0.569262817817,1.000000000000,Th Kd, Ac 3s
As Ts,1, Jc Ah,As Ts,AJ,AT s,0,0.644972504882,0.278879217709,0.076148277409,0.278879217709,1.000000000000,As Ts, Jc Ah
Qc Kh,1, Ac Js,Qc Kh,AJ,KQ,0,0.598661803044,0.396660289294,0.004677907661,0.396660289294,1.000000000000,Ac Js, Qc Kh
Jh Kh,1, Qs As,Jh Kh,AQ s,KJ s,0,0.607407329540,0.387618670516,0.004973999944,0.387618670516,1.000000000000,Qs As, Jh Kh
6h 0m 6s,1,6h 0m 6s,Qc Kd,66,KQ,1,0.537137097151,0.459192409759,0.003670493090,0.537137097151,1.000000000000,Qc Kd,6h 0m 6s
6d 6h,1,6d 6h,Jh Ad,66,AJ,1,0.535406680122,0.459913076183,0.004680243695,0.535406680122,1.000000000000,Jh Ad,6d 6h
Js Ad,1, Js Ad,Kh Qd,AJ,KQ,1,0.598661803044,0.396660289294,0.004677907661,0.598661803044,1.000000000000,Js Ad, Kh Qd
4d 0h 0m 8s,1, Qd Ad,4d 0h 0m 8s,AQ s,84,0,0.672123057588,0.322792564872,0.005084377540,0.322792564872,1.000000000000,Qd Ad,4d 0h 0m 8s
Kd Ah,1, Qc Qs,Kd Ah,QQ,AK,0,0.569939099599,0.426642114952,0.003418785449,0.426642114952,1.000000000000,Qc Qs, Kd Ah
7s Jd,1, Qc 8d,7s Jd,Q8,J7,0,0.629522561414,0.361420635588,0.009056802998,0.361420635588,1.000000000000,Qc 8d, 7s Jd
Ad 8s,1, Ad 8s,4s As,A8,A4 s,1,0.520002873322,0.277128944393,0.202868182285,0.520002873322,1.000000000000,4s As, Ad 8s
Ah As,1, Ah As,3h,AA,43s,1,0.812879605491,0.181989880302,0.005130514208,0.812879605491,1.000000000000,Ah As,3h
9h 9c,1, 9h 9c,Ah Kh,99,AK s,1,0.525374583018,0.470089423373,0.004535993609,0.525374583018,1.000000000000,Ah Kh, 9h 9c
Jd Jh,1, Jd Jh,7d Ad,JJ,A7 s,1,0.680244279053,0.315598164812,0.004157556135,0.680244279053,1.000000000000,Jd Jh, 7d Ad
6s Ac,1, 6s Ac,Js Qs,A6,QJ s,1,0.525368158925,0.469821363496,0.004810477579,0.525368158925,1.000000000000,Js Qs, 6s Ac
As 7c,1, As 7c,8d 0h 0m 9s,A7,98,1,0.567294709351,0.428906899709,0.003798390940,0.567294709351,1.000000000000,8d 0h 0m 9s, As 7c
Kc Td,1, 4s Ac,Kc Td,A4,KT,0,0.573908021006,0.421392463021,0.004699515974,0.421392463021,1.000000000000,Kc Td, 4s Ac
Ac Qd,1, Ac Qd,Ts Ah,AQ,AT,1,0.703708570441,0.239489015969,0.056802413590,0.703708570441,1.000000000000,Ac Qd, Ts Ah
9s As,1, 9s As,6c 5s,A9 s,65,1,0.635132546557,0.359767307674,0.005100145769,0.635132546557,1.000000000000,9s As, 6c 5s
As 6s,1, As 6s,9d Kd,A6 s,K9 s,1,0.573536591633,0.421885950158,0.004577458208,0.573536591633,1.000000000000,9d Kd, As 6s
2h 2c,1, Js Qs,2h 2c,QJ s,22,0,0.521332076547,0.467160621011,0.011507302442,0.467160621011,1.000000000000,Js Qs, 2h 2c
9s Ah,1, 9s Ah,Ks Jd,A9,KJ,1,0.575041581401,0.420585363347,0.004373055252,0.575041581401,1.000000000000,Ks Jd, 9s Ah
4s 5c,1, Ks 9s,4s 5c,K9 s,54,0,0.640544552836,0.351756463805,0.007698983358,0.351756463805,1.000000000000,Ks 9s, 4s 5c
Ac Jc,1, Ac Jc,7c Ad,AJ s,A7,1,0.696309767424,0.227393033013,0.076297199563,0.696309767424,1.000000000000,Ac Jc, 7c Ad
Ah Ks,1, Ah Ks,As Qs,AK,AQ s,1,0.686444696736,0.268414370345,0.045140932918,0.686444696736,1.000000000000,As Qs, Ah Ks
Ac Kh,1, 7c 7s,Ac Kh,77,AK,0,0.548034694774,0.448356717032,0.003608588195,0.448356717032,1.000000000000,Ac Kh, 7c 7s
Qd Qc,1, Qd Qc,8h Jh,QQ,J8 s,1,0.812940342369,0.183580719312,0.003478938319,0.812940342369,1.000000000000,Qd Qc, 8h Jh
Kd 6c,1, Kd 6c,Qs Ts,K6,QT s,1,0.519331263607,0.474637097151,0.006031639242,0.519331263607,1.000000000000,Qs Ts, Kd 6c
Draw,2, Kh Ah,Ad Kc,AK s,AK,0,0.071573739243,0.021730954317,0.906695306441,0.906695306441,1.000000000000,Kh Ah, Ad Kc
Ac Qc,1, Ac Qc,Jc Kh,AQ s,KJ,1,0.642253361553,0.352507498668,0.005239139779,0.642253361553,1.000000000000,Ac Qc, Jc Kh
9c Ac,1, 9c Ac,Jc Kc,A9 s,KJ s,1,0.590860618208,0.403340761921,0.005798619871,0.590860618208,1.000000000000,Jc Kc, 9c Ac
As 7c,1, As 7c,Th 8c,A7,T8,1,0.565997042581,0.430258295256,0.003744662163,0.565997042581,1.000000000000,Th 8c, As 7c
Ad 8h,1, Ad 8h,9d 2h,A8,92,1,0.649444257562,0.345372083462,0.005183658976,0.649444257562,1.000000000000,Ad 8h,9d 2h
Kd Qc,1, Kd Qc,3c Kh,KQ,K3,1,0.718198404022,0.221224735795,0.060576860184,0.718198404022,1.000000000000,Kd Qc, 3c Kh
5d 5h,1,5d 5h,9d Ac,55,A9,1,0.549568884964,0.445950018221,0.004481096815,0.549568884964,1.000000000000,5d 5h, 9d Ac
9d 0h 0m 9s,1,9d 0h 0m 9s,Ac Qd,99,AQ,1,0.551931783141,0.444223105243,0.003845111616,0.551931783141,1.000000000000,9d 0h 0m 9s, Ac Qd
7d 0h 0m 7s,1,7d 0h 0m 7s,2c Ad,77,A2,1,0.696576075276,0.298669511956,0.004754412768,0.696576075276,1.000000000000,7d 0h 0m 7s, 2c Ad
Kc Jh,1, Kc Jh,Ks 7s,KJ,K7 s,1,0.645763836328,0.281045305039,0.073190858633,0.645763836328,1.000000000000,Kc Jh, Ks 7s
Ts Js,1, Ts Js,6h,JT s,76s,1,0.624335398387,0.364827740868,0.010836860744,0.624335398387,1.000000000000,Ts Js,6h
Draw,2, Ac 5h,3s Ad,A5,A3,0,0.340561605883,0.222254926695,0.437183467422,0.437183467422,1.000000000000,Ac 5h, 3s Ad
Qs Qc,1, Qs Qc,Jh Jc,QQ,JJ,1,0.817471079902,0.178141264635,0.004387655463,0.817471079902,1.000000000000,Qs Qc, Jh Jc
Ks Kh,1, Ks Kh,Kd Ah,KK,AK,1,0.693782762874,0.297446014259,0.008771222867,0.693782762874,1.000000000000,Ks Kh, Kd Ah
As 8s,1, As 8s,5d Ac,A8 s,A5,1,0.568349428606,0.232955713471,0.198694857922,0.568349428606,1.000000000000,As 8s, 5d Ac
Ah Jh,1, 8c 8d,Ah Jh,88,AJ s,0,0.523276824676,0.473283365571,0.003439809753,0.473283365571,1.000000000000,Ah Jh, 8c 8d
Th As,1, Th As,4c Ac,AT,A4 s,1,0.606809304890,0.290920887880,0.102269807230,0.606809304890,1.000000000000,Th As, 4c Ac
9c 9s,1, 9c 9s,Jc As,99,AJ,1,0.548175440810,0.447244180940,0.004580378251,0.548175440810,1.000000000000,9c 9s, Jc As
8s As,1, Qc Ad,8s As,AQ,A8 s,0,0.659576220110,0.284892168680,0.055531611209,0.284892168680,1.000000000000,Qc Ad, 8s As
Ac Th,1,2d 0h 0m 2s,Ac Th,22,AT,0,0.517323442566,0.477269223222,0.005407334212,0.477269223222,1.000000000000,Ac Th,2d 0h 0m 2s
5d 5h,1,5d 5h,Jh Ah,55,AJ s,1,0.512523477140,0.482489674731,0.004986848130,0.512523477140,1.000000000000,Jh Ah,5d 5h
8c 5d,1, Tc Ts,8c 5d,TT,85,0,0.845540277895,0.149621796130,0.004837925976,0.149621796130,1.000000000000,Tc Ts, 8c 5d
Ad Qc,1, Ad Qc,Qh 5s,AQ,Q5,1,0.746105247666,0.237811159701,0.016083592633,0.746105247666,1.000000000000,Ad Qc, Qh 5s
Ah Ks,1, Ah Ks,8h,AK,86s,1,0.601365762154,0.393929465796,0.004704772050,0.601365762154,1.000000000000,Ah Ks,8h
Qh Qc,1, Qh Qc,Kc Ah,QQ,AK,1,0.560993842215,0.433984269148,0.005021888637,0.560993842215,1.000000000000,Qh Qc, Kc Ah
Ts 8h,1, Ad 7h,Ts 8h,A7,T8,0,0.565997042581,0.430258295256,0.003744662163,0.430258295256,1.000000000000,Ts 8h, Ad 7h
Qh Ad,1, Qh Ad,Td Jd,AQ,JT s,1,0.601877353554,0.393145142451,0.004977503995,0.601877353554,1.000000000000,Qh Ad, Td Jd
Qh 9d,1, 4c 4d,Qh 9d,44,Q9,0,0.514170380960,0.477509834702,0.008319784337,0.477509834702,1.000000000000,4c 4d, Qh 9d
Ah 4s,1, Ah 4s,Jh 7h,A4,J7 s,1,0.559400083163,0.435416841869,0.005183074968,0.559400083163,1.000000000000,Jh 7h, Ah 4s
As Qd,1, As Qd,9c Qc,AQ,Q9 s,1,0.691743989385,0.293467164709,0.014788845906,0.691743989385,1.000000000000,As Qd, 9c Qc
3h Kh,1, 3h Kh,Td Jc,K3 s,JT,1,0.565688686121,0.427727202646,0.006584111233,0.565688686121,1.000000000000,Td Jc, 3h Kh
Kh Ad,1, Jd Jh,Kh Ad,JJ,AK,0,0.562046225437,0.433089568208,0.004864206356,0.433089568208,1.000000000000,Jd Jh, Kh Ad
Kc Ad,1, Kc Ad,Js Th,AK,JT,1,0.624282253619,0.372064189536,0.003653556845,0.624282253619,1.000000000000,Kc Ad, Js Th
Kc Ah,1,3d 0h 0m 3s,Kc Ah,33,AK,0,0.535205781216,0.459768242088,0.005025976696,0.459768242088,1.000000000000,Kc Ah,3d 0h 0m 3s
9c Kc,1, 7d Ac,9c Kc,A7,K9 s,0,0.565196951009,0.430146749643,0.004656299349,0.430146749643,1.000000000000,9c Kc, 7d Ac
7h Ks,1, 6s Ac,7h Ks,A6,K7,0,0.596484619554,0.399603107859,0.003912272587,0.399603107859,1.000000000000,7h Ks, 6s Ac
6s 7c,1, Js Qd,6s 7c,QJ,76,0,0.645774932489,0.345608606883,0.008616460628,0.345608606883,1.000000000000,Js Qd, 6s 7c
5c Ad,1, 5c Ad,Th Kc,A5,KT,1,0.567299965427,0.428145936703,0.004554097870,0.567299965427,1.000000000000,Th Kc, 5c Ad
Draw,2, Qc Kd,Qh Jd,KQ,QJ,0,0.729353549370,0.245611176520,0.025035274110,0.025035274110,1.000000000000,Qc Kd, Qh Jd
Ad Kc,1, Ad Kc,8c Ts,AK,T8,1,0.637866290098,0.357993090012,0.004140619890,0.637866290098,1.000000000000,Ad Kc, 8c Ts
8s Jh,1, Jd Kh,8s Jh,KJ,J8,0,0.730998117157,0.239179491492,0.029822391351,0.239179491492,1.000000000000,Jd Kh, 8s Jh
Th Tc,1, Th Tc,Kh 3c,TT,K3,1,0.724361445164,0.270700763416,0.004937791420,0.724361445164,1.000000000000,Th Tc, Kh 3c
Qs Qc,1, Qs Qc,8d 0h 0m 8s,QQ,88,1,0.806788397387,0.189386347284,0.003825255328,0.806788397387,1.000000000000,Qs Qc,8d 0h 0m 8s
Th Tc,1, Th Tc,Ac 7c,TT,A7 s,1,0.680634980704,0.315279296200,0.004085723096,0.680634980704,1.000000000000,Th Tc, Ac 7c
Ad Qs,1, Ad Qs,Qc Th,AQ,QT,1,0.714665736925,0.271553999757,0.013780263318,0.714665736925,1.000000000000,Ad Qs, Qc Th
9h 9c,1, 9h 9c,Qh Ac,99,AQ,1,0.547432582065,0.447920462722,0.004646955214,0.547432582065,1.000000000000,9h 9c, Qh Ac
7c Ac,1, 7c Ac,Jh Qc,A7 s,QJ,1,0.575544412674,0.419662630000,0.004792957325,0.575544412674,1.000000000000,7c Ac, Jh Qc
9d Ac,1, 9d Ac,Ad 5h,A9,A5,1,0.589942556929,0.252602341640,0.157455101431,0.589942556929,1.000000000000,9d Ac, Ad 5h
Ks Kh,1, Ks Kh,Qh Js,KK,QJ,1,0.869482288192,0.125624305030,0.004893406778,0.869482288192,1.000000000000,Ks Kh, Qh Js
7c 6s,1,7d 8h,7c 6s,87,76,0,0.622767335707,0.244200796120,0.133031868173,0.244200796120,1.000000000000,7c 6s,7d 8h
Qs Ac,1, 8d 8c,Qs Ac,88,AQ,0,0.550940136798,0.445365425766,0.003694437436,0.445365425766,1.000000000000,Qs Ac, 8d 8c
As 6c,1, As 6c,Kc Tc,A6,KT s,1,0.537499766397,0.457689756025,0.004810477579,0.537499766397,1.000000000000,Kc Tc, As 6c
8h 8c,1, 8h 8c,Ac Qh,88,AQ,1,0.546466048085,0.449044678982,0.004489272933,0.546466048085,1.000000000000,Ac Qh, 8h 8c
Draw,2, 5s Ad,As 4c,A5,A4,0,0.331092492922,0.223758164438,0.445149342640,0.445149342640,1.000000000000,5s Ad, As 4c
6h 6c,1, Kc Kd,6h 6c,KK,66,0,0.803148272737,0.193303291939,0.003548435325,0.193303291939,1.000000000000,Kc Kd, 6h 6c
As Js,1,5d 0h 0m 5s,As Js,55,AJ s,0,0.512523477140,0.482489674731,0.004986848130,0.482489674731,1.000000000000,As Js,5d 0h 0m 5s
7d 7h,1,7d 7h,Kd Ts,77,KT,1,0.536901741747,0.458981582710,0.004116675544,0.536901741747,1.000000000000,7d 7h, Kd Ts
Qd Js,1, Kd Ts,Qd Js,KT,QJ,0,0.592625491735,0.399750277988,0.007624230277,0.399750277988,1.000000000000,Qd Js, Kd Ts
Jc Js,1, Jc Js,Kd Ah,JJ,AK,1,0.570907385604,0.425829175193,0.003263439202,0.570907385604,1.000000000000,Jc Js, Kd Ah
6d Ac,1, 3d 3c,6d Ac,33,A6,0,0.535675324008,0.458238139956,0.006086536036,0.458238139956,1.000000000000,3d 3c, 6d Ac
Draw,2, 3s As,Qh 7h,A3 s,Q7 s,0,0.579561806782,0.415458353190,0.004979840028,0.004979840028,1.000000000000,3s As, Qh 7h
8s Qh,1, 7h Ad,8s Qh,A7,Q8,0,0.583748563339,0.412353764285,0.003897672376,0.412353764285,1.000000000000,7h Ad, 8s Qh
8c Th,1, Qh Ks,8c Th,KQ,T8,0,0.649962857063,0.343451279679,0.006585863258,0.343451279679,1.000000000000,Qh Ks, 8c Th
6d 0h 0m 6s,1,6d 0h 0m 6s,5h 5c,66,55,1,0.797337388688,0.183906596025,0.018756015287,0.797337388688,1.000000000000,6d 0h 0m 6s, 5h 5c
Jh Qh,1, Jh Qh,7h 0m 7s,QJ s,77,1,0.499576009867,0.495082064867,0.005341925266,0.499576009867,1.000000000000,Jh Qh,7h 0m 7s
Ks Jh,1, Ks Jh,Qd 8h,KJ,Q8,1,0.647480237154,0.345829946084,0.006689816762,0.647480237154,1.000000000000,Ks Jh, Qd 8h
8d 0h 0m 9s,1, Ks As,8d 0h 0m 9s,AK s,98,0,0.653513628421,0.341710350499,0.004776021080,0.341710350499,1.000000000000,Ks As,8d 0h 0m 9s
Td Qd,1, Td Qd,8s,QT s,82s,1,0.658654070772,0.332292046272,0.009053882955,0.658654070772,1.000000000000,Td Qd,8s
6c 6h,1, 6c 6h,6s As,66,A6 s,1,0.641884268214,0.331931129052,0.026184602734,0.641884268214,1.000000000000,6c 6h, 6s As
As 8h,1, 6c 6h,As 8h,66,A8,0,0.558535750661,0.437646586120,0.003817663219,0.437646586120,1.000000000000,6c 6h, As 8h
Draw,2, Ah Qs,Ac Qh,AQ,AQ,0,0.018212887431,0.010916285893,0.970870826676,0.970870826676,1.000000000000,Ac Qh, Ah Qs
Ah 3d,1, Ah 3d,Qh 9h,A3,Q9 s,1,0.546620226315,0.447929806857,0.005449966828,0.546620226315,1.000000000000,Qh 9h, Ah 3d
Kh Qc,1, Kh Qc,4h Jc,KQ,J4,1,0.688645824573,0.303553574599,0.007800600828,0.688645824573,1.000000000000,Kh Qc, 4h Jc
Kc Kh,1, Kc Kh,Qh Qd,KK,QQ,1,0.817023729431,0.178327563330,0.004648707239,0.817023729431,1.000000000000,Kc Kh, Qh Qd
Kh Ks,1, Kh Ks,Ac 8c,KK,A8 s,1,0.675942472832,0.320522524038,0.003535003130,0.675942472832,1.000000000000,Kh Ks, Ac 8c
Ad 3h,1, 4d 4c,Ad 3h,44,A3,0,0.687313701305,0.306770877134,0.005915421561,0.306770877134,1.000000000000,4d 4c, Ad 3h
6h Ad,1, 8d As,6h Ad,A8,A6,0,0.557645721788,0.234496327755,0.207857950457,0.234496327755,1.000000000000,8d As, 6h Ad
8d 0h 0m 8s,1,8d 0h 0m 8s,Ac Qd,88,AQ,1,0.550920864519,0.445388202095,0.003690933386,0.550920864519,1.000000000000,Ac Qd,8d 0h 0m 8s
5s 5c,1, 5s 5c,Ac Ks,55,AK,1,0.539544379970,0.455156911390,0.005298708641,0.539544379970,1.000000000000,Ac Ks, 5s 5c
Tc Ts,1, Tc Ts,Ac Qd,TT,AQ,1,0.567586713574,0.428568174810,0.003845111616,0.567586713574,1.000000000000,Tc Ts, Ac Qd
9d Ac,1, Jd Ah,9d Ac,AJ,A9,0,0.694168208449,0.227453185883,0.078378605668,0.227453185883,1.000000000000,Jd Ah, 9d Ac
4d Ah,1, 7h 7c,4d Ah,77,A4,0,0.688520262757,0.307172090937,0.004307646306,0.307172090937,1.000000000000,7h 7c, 4d Ah
Ad Qs,1,5d 0h 0m 5s,Ad Qs,55,AQ,0,0.536053177473,0.458783019838,0.005163802689,0.458783019838,1.000000000000,Ad Qs,5d 0h 0m 5s
Jh Ah,1, Jh Ah,8h As,AJ s,A8,1,0.698510311253,0.225614143283,0.075875545464,0.698510311253,1.000000000000,Jh Ah, 8h As
Ah Ks,1,5h 0m 5s,Ah Ks,55,AK,0,0.539544379970,0.455156911390,0.005298708641,0.455156911390,1.000000000000,Ah Ks,5h 0m 5s
Jc Qc,1, Js Jd,Jc Qc,JJ,QJ s,0,0.622602645325,0.362389505602,0.015007849074,0.362389505602,1.000000000000,Js Jd, Jc Qc
8h 0m 8s,1,9h 0m 9s,8h 0m 8s,99,88,0,0.822535017146,0.169981498612,0.007483484241,0.169981498612,1.000000000000,9h 0m 9s,8h 0m 8s
Th Qd,1, Kc 9s,Th Qd,K9,QT,0,0.574236233753,0.419890977303,0.005872788944,0.419890977303,1.000000000000,Th Qd, Kc 9s
7h Ad,1, 8c 8d,7h Ad,88,A7,0,0.703984222428,0.292575967819,0.003439809753,0.292575967819,1.000000000000,8c 8d, 7h Ad
2h 0m 2s,1,2h 0m 2s,Jc Ad,22,AJ,1,0.520715363627,0.473743564227,0.005541072146,0.520715363627,1.000000000000,Jc Ad,2h 0m 2s
As 7d,1, As 7d,6h Jh,A7,J6 s,1,0.591827736196,0.404363944720,0.003808319084,0.591827736196,1.000000000000,As 7d, 6h Jh
3d 3h,1,8h,3d 3h,87s,33,0,0.518353633467,0.461757374859,0.019888991674,0.461757374859,1.000000000000,8h,3d 3h
Draw,2, Kh Ac,As Kd,AK,AK,0,0.021730954317,0.021730954317,0.956538091367,0.956538091367,1.000000000000,Kh Ac, As Kd
Qc Qh,1, Qc Qh,2d 0h 0m 2s,QQ,22,1,0.809408843290,0.185691325839,0.004899830871,0.809408843290,1.000000000000,Qc Qh,2d 0h 0m 2s
Ac Jh,1, Ac Jh,3d,AJ,93s,1,0.627798568478,0.367903713359,0.004297718162,0.627798568478,1.000000000000,Ac Jh,3d
7c 7s,1, 7c 7s,6d,77,65s,1,0.801004961736,0.186390383951,0.012604654314,0.801004961736,1.000000000000,7c 7s,6d
5s As,1,4d 4h,5s As,44,A5 s,0,0.515906054065,0.478837285903,0.005256660032,0.478837285903,1.000000000000,5s As,4d 4h
8d 8c,1, 8d 8c,Qh Kh,88,KQ s,1,0.509172436670,0.486939235089,0.003888328241,0.509172436670,1.000000000000,Qh Kh, 8d 8c
Jh Kd,1, Jh Kd,5s Jd,KJ,J5,1,0.737314752521,0.231194928003,0.031490319476,0.737314752521,1.000000000000,Jh Kd, 5s Jd
8h 0m 8s,1,8h 0m 8s,8d 9h,88,98,1,0.633617044637,0.344384525178,0.021998430185,0.633617044637,1.000000000000,8h 0m 8s,8d 9h
Draw,2, Ts Qh,Th Qc,QT,QT,0,0.018214639457,0.010916869902,0.970868490642,0.970868490642,1.000000000000,Ts Qh, Th Qc
Draw,2,3d 3h,Js Ad,33,AJ,0,0.524075748232,0.470622623086,0.005301628683,0.005301628683,1.000000000000,Js Ad,3d 3h
Jd Ac,1, Jd Ac,6h,AJ,76s,1,0.582851526364,0.413355922780,0.003792550855,0.582851526364,1.000000000000,Jd Ac,6h
Th Jh,1,8d 8h,Th Jh,88,JT s,0,0.501676688252,0.493375008176,0.004948303572,0.493375008176,1.000000000000,8d 8h, Th Jh
Ac Ah,1, Ac Ah,8c Jc,AA,J8 s,1,0.810290696045,0.185688989806,0.004020314150,0.810290696045,1.000000000000,Ac Ah, 8c Jc
Ad 7s,1, Ad 7s,8h 0m 4s,A7,84,1,0.630309220793,0.365379628851,0.004311150356,0.630309220793,1.000000000000,Ad 7s,8h 0m 4s
Kd As,1,8h 0m 8s,Kd As,88,AK,0,0.549748759566,0.446494898102,0.003756342332,0.446494898102,1.000000000000,Kd As,8h 0m 8s
Qd 2c,1, Kc 8d,Qd 2c,K8,Q2,0,0.634550290135,0.357591292200,0.007858417664,0.357591292200,1.000000000000,Kc 8d, Qd 2c
Kh Ks,1, Kh Ks,Qs Jd,KK,QJ,1,0.862341616909,0.133560979826,0.004097403265,0.862341616909,1.000000000000,Kh Ks, Qs Jd
7d,1, Qh As,7d,AQ,87s,0,0.582353367159,0.413880946374,0.003765686467,0.413880946374,1.000000000000,Qh As,7d
9d 0h 0m 9s,1,9d 0h 0m 9s,Ah Qs,99,AQ,1,0.551931783141,0.444223105243,0.003845111616,0.551931783141,1.000000000000,9d 0h 0m 9s, Ah Qs
9d 9h,1,9d 9h,Ah Ts,99,AT,1,0.553470061391,0.442805132733,0.003724805876,0.553470061391,1.000000000000,9d 9h, Ah Ts
Qc Kh,1, Qc Kh,Ts Kd,KQ,KT,1,0.705050037844,0.239910086059,0.055039876097,0.705050037844,1.000000000000,Qc Kh, Ts Kd
Qh Qs,1, Qh Qs,5s As,QQ,A5 s,1,0.667582975920,0.327755468655,0.004661555425,0.667582975920,1.000000000000,Qh Qs, 5s As
2c 2s,1, 2c 2s,Jd Ac,22,AJ,1,0.516514590867,0.477587507826,0.005897901307,0.516514590867,1.000000000000,Jd Ac, 2c 2s
Jd Jc,1, Ah Ad,Jd Jc,AA,JJ,0,0.809449723881,0.186488497370,0.004061778750,0.186488497370,1.000000000000,Ah Ad, Jd Jc
8s,1,8s,2h 2c,87s,22,1,0.523273904634,0.453123393977,0.023602701389,0.523273904634,1.000000000000,8s, 2h 2c
As Ks,1, 5c 5s,As Ks,55,AK s,0,0.518917201618,0.475889211262,0.005193587120,0.475889211262,1.000000000000,As Ks, 5c 5s
Kd As,1, Kd As,9d Td,AK,T9 s,1,0.598877886170,0.396229875069,0.004892238761,0.598877886170,1.000000000000,Kd As, 9d Td
Th Tc,1, Th Tc,5h Ks,TT,K5,1,0.722469841804,0.273534372401,0.003995785795,0.722469841804,1.000000000000,Th Tc, 5h Ks
Ts Td,1, Ts Td,Kc As,TT,AK,1,0.566823998542,0.429268984947,0.003907016511,0.566823998542,1.000000000000,Ts Td, Kc As
Th Td,1, Th Td,6s 6c,TT,66,1,0.800679085022,0.195471131294,0.003849783683,0.800679085022,1.000000000000,Th Td, 6s 6c
7s Qs,1, Kd Ah,7s Qs,AK,Q7 s,0,0.628168829834,0.367775231501,0.004055938665,0.367775231501,1.000000000000,Kd Ah, 7s Qs
Kc Qs,1, Kc Qs,9c Kh,KQ,K9,1,0.712281230436,0.230938548295,0.056780221269,0.712281230436,1.000000000000,Kc Qs, 9c Kh
Draw,2, Kh Ad,5d Ac,AK,A5,0,0.705531260804,0.246862122614,0.047606616582,0.047606616582,1.000000000000,Kh Ad, 5d Ac
Ks Jd,1, Ah Kc,Ks Jd,AK,KJ,0,0.733127411955,0.256196913632,0.010675674413,0.256196913632,1.000000000000,Ah Kc, Ks Jd
Qd Qh,1, Qd Qh,Qc As,QQ,AQ,1,0.692082130276,0.295563171026,0.012354698698,0.692082130276,1.000000000000,Qd Qh, Qc As
5d 5h,1,5d 5h,Qh Jc,55,QJ,1,0.512358786757,0.481098566610,0.006542646633,0.512358786757,1.000000000000,Qh Jc,5d 5h
Ah 6s,1, Ah 6s,Qc Kd,A6,KQ,1,0.573150562050,0.423404956129,0.003444481821,0.573150562050,1.000000000000,Qc Kd, Ah 6s
Ah 5h,1, Ah 5h,Jh Qd,A5 s,QJ,1,0.581310328073,0.413560325737,0.005129346191,0.581310328073,1.000000000000,Ah 5h, Jh Qd
Jd Ac,1, Qc As,Jd Ac,AQ,AJ,0,0.705782384436,0.236232584868,0.057985030695,0.236232584868,1.000000000000,Qc As, Jd Ac
Ah Td,1, Ah Td,Ac 8s,AT,A8,1,0.660803805866,0.233755221036,0.105440973098,0.660803805866,1.000000000000,Ah Td, Ac 8s
Jc Kh,1, 3c 3h,Jc Kh,33,KJ,0,0.506887795625,0.484996822994,0.008115381381,0.484996822994,1.000000000000,Jc Kh, 3c 3h
Jd Qs,1, Td Kd,Jd Qs,KT s,QJ,0,0.609477639485,0.383259047459,0.007263313057,0.383259047459,1.000000000000,Td Kd, Jd Qs
Ad Qd,1, Ad Qd,Kh Th,AQ s,KT s,1,0.604504807558,0.390617553892,0.004877638550,0.604504807558,1.000000000000,Ad Qd, Kh Th
2c Ks,1, 2c Ks,5d 9c,K2,95,1,0.570715246825,0.421899966361,0.007384786814,0.570715246825,1.000000000000,5d 9c, 2c Ks
Ad Ah,1, Ad Ah,3c Tc,AA,T3 s,1,0.825326577524,0.170942192508,0.003731229969,0.825326577524,1.000000000000,Ad Ah, 3c Tc
Qd Tc,1, Qd Tc,7c 9c,QT,97s,1,0.622904577692,0.367927073697,0.009168348611,0.622904577692,1.000000000000,Qd Tc, 7c 9c
Ac Ad,1, Ac Ad,5h 5c,AA,55,1,0.806817597810,0.189046454368,0.004135947822,0.806817597810,1.000000000000,Ac Ad, 5h 5c
As Ah,1, As Ah,Ac Qh,AA,AQ,1,0.923650239677,0.063016847476,0.013332912847,0.923650239677,1.000000000000,As Ah, Ac Qh
Jc Ks,1, 8s Ad,Jc Ks,A8,KJ,0,0.568976069670,0.426785197021,0.004238733309,0.426785197021,1.000000000000,Jc Ks, 8s Ad
Qc Ad,1, Qc Ad,Ah Js,AQ,AJ,1,0.706862216055,0.236212144572,0.056925639372,0.706862216055,1.000000000000,Qc Ad, Ah Js
Ac 7c,1,3d 3h,Ac 7c,33,A7 s,0,0.505514207758,0.489046921575,0.005438870668,0.489046921575,1.000000000000,Ac 7c,3d 3h
5d 5h,1,5d 5h,6s Ac,55,A6,1,0.565281048225,0.430779230791,0.003939720984,0.565281048225,1.000000000000,5d 5h, 6s Ac
Ac Td,1, Ac Td,5c 6c,AT,65s,1,0.597352456106,0.397637919435,0.005009624459,0.597352456106,1.000000000000,Ac Td, 5c 6c
Td Th,1, Td Th,Kc Ad,TT,AK,1,0.566823998542,0.429268984947,0.003907016511,0.566823998542,1.000000000000,Td Th, Kc Ad
Js Jd,1, As Ad,Js Jd,AA,JJ,0,0.815785047515,0.179346658070,0.004868294415,0.179346658070,1.000000000000,As Ad, Js Jd
Kh Ad,1, Kd Kc,Kh Ad,KK,AK,0,0.693782762874,0.297446014259,0.008771222867,0.297446014259,1.000000000000,Kd Kc, Kh Ad
Draw,2, Jd Jc,Ks Jh,JJ,KJ,0,0.676339014568,0.307815084237,0.015845901195,0.015845901195,1.000000000000,Jd Jc, Ks Jh
As Jd,1, As Jd,8s Td,AJ,T8,1,0.647751801082,0.347468089778,0.004780109139,0.647751801082,1.000000000000,As Jd, 8s Td
Ts Ah,1, Ts Ah,8c Ac,AT,A8 s,1,0.621420612228,0.277744489296,0.100834898476,0.621420612228,1.000000000000,8c Ac, Ts Ah
Js Ad,1, Js Ad,As 7d,AJ,A7,1,0.687684546669,0.232042908269,0.080272545062,0.687684546669,1.000000000000,Js Ad, As 7d
Draw,2, Ad Qc,Ac 2d,AQ,A2,0,0.706944561246,0.230598071371,0.062457367383,0.062457367383,1.000000000000,Ad Qc, Ac 2d
8c 8h,1, Tc Th,8c 8h,TT,88,0,0.820242199983,0.174088246012,0.005669554004,0.174088246012,1.000000000000,Tc Th, 8c 8h
Qs Qc,1, Qs Qc,Ks As,QQ,AK s,1,0.538805609284,0.456457498201,0.004736892514,0.538805609284,1.000000000000,Qs Qc, Ks As
Qh Qd,1, Qh Qd,8c 8h,QQ,88,1,0.806788397387,0.189386347284,0.003825255328,0.806788397387,1.000000000000,Qh Qd, 8c 8h
Th Tc,1, Th Tc,Ad Jd,TT,AJ s,1,0.538866930171,0.457568282268,0.003564787561,0.538866930171,1.000000000000,Th Tc, Ad Jd
9c Ad,1, 9c Ad,Qs Jc,A9,QJ,1,0.564468692475,0.431232421346,0.004298886179,0.564468692475,1.000000000000,Qs Jc, 9c Ad
Ad Jh,1, Ad Jh,9d Qs,AJ,Q9,1,0.628907016511,0.366791761276,0.004301222213,0.628907016511,1.000000000000,Ad Jh, 9d Qs
Ac Qs,1, Ac Qs,As Jd,AQ,AJ,1,0.705782384436,0.236232584868,0.057985030695,0.705782384436,1.000000000000,Ac Qs, As Jd
7h 0m 9s,1, Kc Qh,7h 0m 9s,KQ,97,0,0.643206463338,0.350440692774,0.006352843888,0.350440692774,1.000000000000,Kc Qh,7h 0m 9s
Qh Kh,1, Ac 6d,Qh Kh,A6,KQ s,0,0.535171324718,0.460825881386,0.004002793896,0.460825881386,1.000000000000,Qh Kh, Ac 6d
4h 4c,1, 4h 4c,Ad 8s,44,A8,1,0.544333249236,0.451500434502,0.004166316262,0.544333249236,1.000000000000,4h 4c, Ad 8s
5h 0m 5s,1,5h 0m 5s,4c 6c,55,64s,1,0.651967174053,0.327688307684,0.020344518263,0.651967174053,1.000000000000,5h 0m 5s, 4c 6c
Qs Ad,1, Qs Ad,Ac 9c,AQ,A9 s,1,0.662447789645,0.282199889739,0.055352320616,0.662447789645,1.000000000000,Qs Ad, Ac 9c
Ks 9h,1, Ks 9h,8c Jc,K9,J8 s,1,0.582715452396,0.411101650174,0.006182897429,0.582715452396,1.000000000000,8c Jc, Ks 9h
5h Kh,1, Qd Ks,5h Kh,KQ,K5 s,0,0.661405918575,0.282641400125,0.055952681300,0.282641400125,1.000000000000,Qd Ks, 5h Kh
Jh Qc,1, Ad Ks,Jh Qc,AK,QJ,0,0.641019935712,0.355095240098,0.003884824190,0.355095240098,1.000000000000,Ad Ks, Jh Qc
Js Qd,1, Tc Ks,Js Qd,KT,QJ,0,0.595568310300,0.397597038844,0.006834650856,0.397597038844,1.000000000000,Js Qd, Tc Ks
9s Ks,1, As Jc,9s Ks,AJ,K9 s,0,0.610678360852,0.384328950934,0.004992688214,0.384328950934,1.000000000000,As Jc, 9s Ks
Ks Kc,1, Ks Kc,6h 0m 6s,KK,66,1,0.803148272737,0.193303291939,0.003548435325,0.803148272737,1.000000000000,Ks Kc,6h 0m 6s
5c 5h,1, 5c 5h,6d Ac,55,A6,1,0.561147436437,0.434172903877,0.004679659687,0.561147436437,1.000000000000,5c 5h, 6d Ac
As Ks,1, As Ks,Ac 3d,AK s,A3,1,0.726140918902,0.227628388417,0.046230692681,0.726140918902,1.000000000000,As Ks, Ac 3d
Ad 9d,1, Kd Kh,Ad 9d,KK,A9 s,0,0.681245269532,0.314295825975,0.004458904494,0.314295825975,1.000000000000,Kd Kh, Ad 9d
Ks Ah,1, Ks Ah,Ts Ad,AK,AT,1,0.717089955989,0.236363402760,0.046546641251,0.717089955989,1.000000000000,Ks Ah, Ts Ad
Ad Ac,1, Ad Ac,Ks 9c,AA,K9,1,0.866810449546,0.129484600865,0.003704949588,0.866810449546,1.000000000000,Ad Ac, Ks 9c
As Qs,1, As Qs,Kd 9h,AQ s,K9,1,0.656210579430,0.339544847177,0.004244573394,0.656210579430,1.000000000000,As Qs, Kd 9h
Draw,2, Ks Ah,Kh As,AK,AK,0,0.007397050991,0.007397050991,0.985205898018,0.985205898018,1.000000000000,Ks Ah, Kh As
Kd Ah,1, Kd Ah,Th Kh,AK,KT s,1,0.702972135789,0.285048682944,0.011979181267,0.702972135789,1.000000000000,Kd Ah, Th Kh
Ac Th,1, Ac Th,4c Ah,AT,A4,1,0.649782982461,0.240485334380,0.109731683159,0.649782982461,1.000000000000,Ac Th, 4c Ah
Ac Tc,1, Ac Tc,Qh Kc,AT s,KQ,1,0.613378815911,0.381485997813,0.005135186275,0.613378815911,1.000000000000,Ac Tc, Qh Kc
Qd Ah,1, 6h 6c,Qd Ah,66,AQ,0,0.544497355610,0.451741629991,0.003761014399,0.451741629991,1.000000000000,Qd Ah, 6h 6c
8h 0m 9s,1, Ah Ks,8h 0m 9s,AK,98,0,0.643421962455,0.351663606462,0.004914431082,0.351663606462,1.000000000000,Ah Ks,8h 0m 9s
Ts Th,1, Ts Th,4s Ac,TT,A4,1,0.706447570058,0.289704982293,0.003847447649,0.706447570058,1.000000000000,Ts Th, 4s Ac
Ad Jh,1, 9c 9h,Ad Jh,99,AJ,0,0.552675225894,0.443545655444,0.003779118661,0.443545655444,1.000000000000,9c 9h, Ad Jh
Qh Qs,1, Qh Qs,2c 2h,QQ,22,1,0.815839360301,0.178891715490,0.005268924210,0.815839360301,1.000000000000,Qh Qs, 2c 2h
Ad 5h,1, 4d 4c,Ad 5h,44,A5,0,0.543941963577,0.450616829722,0.005441206702,0.450616829722,1.000000000000,4d 4c, Ad 5h
Ac 8c,1, Ac 8c,7c 9h,A8 s,97,1,0.623632836225,0.371876138816,0.004491024958,0.623632836225,1.000000000000,Ac 8c, 7c 9h
Ts Tc,1, Ts Tc,6d As,TT,A6,1,0.712920135677,0.283600926004,0.003478938319,0.712920135677,1.000000000000,Ts Tc, 6d As
Th Td,1, Th Td,7s Ad,TT,A7,1,0.710469052224,0.286139610723,0.003391337052,0.710469052224,1.000000000000,Th Td, 7s Ad
Jd Jh,1, Jd Jh,Kc Qc,JJ,KQ s,1,0.533406451191,0.462749605210,0.003843943599,0.533406451191,1.000000000000,Jd Jh, Kc Qc
Qh 7s,1, Ac Th,Qh 7s,AT,Q7,0,0.644055027612,0.351929330306,0.004015642082,0.351929330306,1.000000000000,Ac Th, Qh 7s
Ts Tc,1, Ts Tc,6h Ah,TT,A6 s,1,0.677511703529,0.319209089040,0.003279207430,0.677511703529,1.000000000000,Ts Tc, 6h Ah
Jd Jc,1, Jd Jc,3c Qs,JJ,Q3,1,0.728470528598,0.267297746195,0.004231725208,0.728470528598,1.000000000000,Jd Jc, 3c Qs
Ad Kc,1, 4c 4h,Ad Kc,44,AK,0,0.537800530747,0.457155388296,0.005044080958,0.457155388296,1.000000000000,Ad Kc, 4c 4h
Kc Ks,1, Kc Ks,Ah 7s,KK,A7,1,0.714563535447,0.281867004924,0.003569459629,0.714563535447,1.000000000000,Kc Ks, Ah 7s
Qh Qs,1, Qh Qs,Kh Ah,QQ,AK s,1,0.538805609284,0.456457498201,0.004736892514,0.538805609284,1.000000000000,Qh Qs, Kh Ah
Jh 8c,1, 2s 2c,Jh 8c,22,J8,0,0.497509203973,0.487754510881,0.014736285146,0.487754510881,1.000000000000,2s 2c, Jh 8c
Draw,2, As 9s,Ad 8h,A9 s,A8,0,0.633193054504,0.218457119764,0.148349825732,0.148349825732,1.000000000000,As 9s, Ad 8h
Draw,2, Ah Jh,Jd Ad,AJ s,AJ s,0,0.071574907259,0.071574907259,0.856850185481,0.856850185481,1.000000000000,Ah Jh, Jd Ad
Ad Kc,1, 9s 9c,Ad Kc,99,AK,0,0.550759094180,0.445329801250,0.003911104570,0.445329801250,1.000000000000,Ad Kc, 9s 9c
7h 0m 5s,1, Ts Tc,7h 0m 5s,TT,75,0,0.830021421430,0.165223581794,0.004754996776,0.165223581794,1.000000000000,Ts Tc,7h 0m 5s
Jc As,1, Jc As,Td Ac,AJ,AT,1,0.683934044422,0.235513670470,0.080552285108,0.683934044422,1.000000000000,Jc As, Td Ac
6d,1,6d,4d 3h,76s,43,1,0.618691540754,0.308657808427,0.072650650819,0.618691540754,1.000000000000,6d,4d 3h
Ah 9s,1, Th Ts,Ah 9s,TT,A9,0,0.721634709724,0.273981722872,0.004383567404,0.273981722872,1.000000000000,Th Ts, Ah 9s
Ad Kc,1, Ad Kc,Qc As,AK,AQ,1,0.723533905194,0.229671833973,0.046794260832,0.723533905194,1.000000000000,Ad Kc, Qc As
5s 5c,1, Ts Jc,5s 5c,JT,55,0,0.500721250432,0.490791938815,0.008486810753,0.490791938815,1.000000000000,5s 5c, Ts Jc
Kd Qd,1, 6h 6c,Kd Qd,66,KQ s,0,0.505299292649,0.490489422439,0.004211284912,0.490489422439,1.000000000000,Kd Qd, 6h 6c
Jd Jc,1, Jd Jc,9h Qh,JJ,Q9 s,1,0.674380250236,0.321991305282,0.003628444482,0.674380250236,1.000000000000,Jd Jc, 9h Qh
Qc Ks,1, Ac Kh,Qc Ks,AK,KQ,0,0.742421906390,0.245953989479,0.011624104131,0.245953989479,1.000000000000,Ac Kh, Qc Ks
Jc Jd,1, Jc Jd,9c Ac,JJ,A9 s,1,0.685159294144,0.310525467440,0.004315238416,0.685159294144,1.000000000000,Jc Jd, 9c Ac
6d 6h,1,6d 6h,Jh Kc,66,KJ,1,0.527943636177,0.467467809454,0.004588554369,0.527943636177,1.000000000000,Jh Kc,6d 6h
3d 0h 0m 3s,1, Jh Ah,3d 0h 0m 3s,AJ s,33,0,0.497627173679,0.497055429410,0.005317396911,0.497055429410,1.000000000000,Jh Ah,3d 0h 0m 3s
9h Kh,1,5h 0m 5s,9h Kh,55,K9 s,0,0.512389155197,0.481265009017,0.006345835786,0.481265009017,1.000000000000,9h Kh,5h 0m 5s
Qh Qs,1, Qh Qs,6d 6c,QQ,66,1,0.797364253077,0.199984348574,0.002651398350,0.797364253077,1.000000000000,Qh Qs, 6d 6c
Qs Jh,1, 7d 7c,Qs Jh,77,QJ,0,0.523275072651,0.472805646661,0.003919280688,0.472805646661,1.000000000000,7d 7c, Qs Jh
9d 0h 0m 9s,1,9d 0h 0m 9s,Jc Ah,99,AJ,1,0.557207131444,0.439807417374,0.002985451182,0.557207131444,1.000000000000,9d 0h 0m 9s, Jc Ah
Ah Js,1, 3c 3d,Ah Js,33,AJ,0,0.528421939095,0.466819560078,0.004758500827,0.466819560078,1.000000000000,Ah Js, 3c 3d
Kc Qs,1, Qh Qc,Kc Qs,QQ,KQ,0,0.678499845822,0.309179911978,0.012320242200,0.309179911978,1.000000000000,Qh Qc, Kc Qs
Js Jh,1, Js Jh,5s 5c,JJ,55,1,0.803326979321,0.192500280324,0.004172740355,0.803326979321,1.000000000000,Js Jh, 5s 5c
As Th,1, As Th,7d Qd,AT,Q7 s,1,0.605184593390,0.390945766640,0.003869639970,0.605184593390,1.000000000000,As Th, 7d Qd
As 5s,1, As 5s,Qh Kh,A5 s,KQ s,1,0.565740078865,0.429221096254,0.005038824882,0.565740078865,1.000000000000,Qh Kh, As 5s
Ad As,1, Ad As,Ah 6h,AA,A6 s,1,0.877776960166,0.113135868397,0.009087171437,0.877776960166,1.000000000000,Ad As, Ah 6h
Tc Kc,1, Tc Kc,8d Kh,KT s,K8,1,0.686723852774,0.216041660827,0.097234486400,0.686723852774,1.000000000000,Tc Kc, 8d Kh
Ac Tc,1, Ac Tc,9h Th,AT s,T9 s,1,0.681202052906,0.298077327390,0.020720619703,0.681202052906,1.000000000000,Ac Tc, 9h Th
Ah As,1, Ah As,Ks 9d,AA,K9,1,0.866888706678,0.129410431792,0.003700861529,0.866888706678,1.000000000000,Ah As, Ks 9d
Ad As,1, Ad As,Qc Tc,AA,QT s,1,0.797279571852,0.199264850167,0.003455577981,0.797279571852,1.000000000000,Ad As, Qc Tc
Ad Kd,1, Ad Kd,Jd Ks,AK s,KJ,1,0.744479952158,0.243448009232,0.012072038610,0.744479952158,1.000000000000,Ad Kd, Jd Ks
As 8c,1, Kc Ks,As 8c,KK,A8,0,0.716237303656,0.279252983115,0.004509713228,0.279252983115,1.000000000000,Kc Ks, As 8c
Qd As,1, Qd As,Td Jh,AQ,JT,1,0.631696824863,0.363931871911,0.004371303227,0.631696824863,1.000000000000,Qd As, Td Jh
Jd Js,1, Jd Js,Qh Kh,JJ,KQ s,1,0.533406451191,0.462749605210,0.003843943599,0.533406451191,1.000000000000,Jd Js, Qh Kh
Ks Qd,1, 4s As,Ks Qd,A4 s,KQ,0,0.595873162709,0.398679790504,0.005447046786,0.398679790504,1.000000000000,Ks Qd, 4s As
3s 3c,1, 3s 3c,Ah Qh,33,AQ s,1,0.500178122576,0.494401695026,0.005420182398,0.500178122576,1.000000000000,Ah Qh, 3s 3c
Ks Kc,1, Ks Kc,Js Jd,KK,JJ,1,0.813175113765,0.182458839085,0.004366047151,0.813175113765,1.000000000000,Ks Kc, Js Jd
Ah Qh,1, Kd Kc,Ah Qh,KK,AQ s,0,0.676827245629,0.319240625496,0.003932128874,0.319240625496,1.000000000000,Kd Kc, Ah Qh
Jd Kd,1,5d 0h 0m 5s,Jd Kd,55,KJ s,0,0.500633649165,0.493278646782,0.006087704053,0.493278646782,1.000000000000,Jd Kd,5d 0h 0m 5s
Js Jc,1, Js Jc,As Td,JJ,AT,1,0.708826236463,0.287403989011,0.003769774526,0.708826236463,1.000000000000,Js Jc, As Td
Jd Jh,1, Jd Jh,Ac 4s,JJ,A4,1,0.702443608144,0.294220535606,0.003335856250,0.702443608144,1.000000000000,Jd Jh, Ac 4s
Jh Jc,1, Jh Jc,7c 7d,JJ,77,1,0.807130042329,0.188903956307,0.003966001364,0.807130042329,1.000000000000,Jh Jc, 7c 7d
Ac 4d,1, Ac 4d,Jh Qc,A4,QJ,1,0.564372331081,0.430891944421,0.004735724498,0.564372331081,1.000000000000,Jh Qc, Ac 4d
7d 0h 0m 7s,1,7d 0h 0m 7s,Qh Ad,77,AQ,1,0.543454316523,0.452789925153,0.003755758323,0.543454316523,1.000000000000,Qh Ad,7d 0h 0m 7s
Ad Qs,1, Ad Qs,Ah Js,AQ,AJ,1,0.713065553780,0.228981535989,0.057952910231,0.713065553780,1.000000000000,Ad Qs, Ah Js
9s Td,1, Ac 6h,9s Td,A6,T9,0,0.549783216064,0.447045034059,0.003171749876,0.447045034059,1.000000000000,9s Td, Ac 6h
8s Ah,1, 8s Ah,Ks Tc,A8,KT,1,0.568610480382,0.427248899728,0.004140619890,0.568610480382,1.000000000000,Ks Tc, 8s Ah
Qc Kh,1, 3c As,Qc Kh,A3,KQ,0,0.573057704707,0.421963623282,0.004978672012,0.421963623282,1.000000000000,Qc Kh, 3c As
Qd Js,1,9h 0m 9s,Qd Js,99,QJ,0,0.543569950196,0.452492080845,0.003937968959,0.452492080845,1.000000000000,9h 0m 9s, Qd Js
Td Th,1, Td Th,Qd Ad,TT,AQ s,1,0.540777805810,0.454779641933,0.004442552257,0.540777805810,1.000000000000,Qd Ad, Td Th
Js Jd,1, Js Jd,Ah Kc,JJ,AK,1,0.570907385604,0.425829175193,0.003263439202,0.570907385604,1.000000000000,Js Jd, Ah Kc
Jd Jc,1, Jd Jc,8d 0h 0m 8s,JJ,88,1,0.810262079631,0.185638765079,0.004099155290,0.810262079631,1.000000000000,Jd Jc,8d 0h 0m 8s
Tc Kc,1, 4h Ah,Tc Kc,A4 s,KT s,0,0.559141951429,0.435901568880,0.004956479691,0.435901568880,1.000000000000,Tc Kc, 4h Ah
Jd Ts,1, Ks Qs,Jd Ts,KQ s,JT,0,0.656608873191,0.336128397761,0.007262729048,0.336128397761,1.000000000000,Ks Qs, Jd Ts
Kd Kc,1, Kd Kc,Js Jd,KK,JJ,1,0.813175113765,0.182458839085,0.004366047151,0.813175113765,1.000000000000,Kd Kc, Js Jd
Draw,2, Jd As,Ah Js,AJ,AJ,0,0.018188943085,0.010941398256,0.970869658659,0.970869658659,1.000000000000,Jd As, Ah Js
Ad 8d,1,2d 2h,Ad 8d,22,A8 s,0,0.498551075043,0.495182514320,0.006266410637,0.495182514320,1.000000000000,Ad 8d,2d 2h
2s,1, Kc 4c,2s,K4 s,42s,0,0.687424662910,0.278695839057,0.033879498033,0.278695839057,1.000000000000,Kc 4c,2s
5d As,1, 5d As,Kh Td,A5,KT,1,0.567274853063,0.428170465058,0.004554681879,0.567274853063,1.000000000000,Kh Td, 5d As
Draw,2, Ks Ah,6h As,AK,A6,0,0.719577831974,0.235945252712,0.044476915314,0.044476915314,1.000000000000,Ks Ah, 6h As
9s Ts,1, 9s Ts,9c 7c,T9 s,97s,1,0.661091722031,0.272825970155,0.066082307815,0.661091722031,1.000000000000,9s Ts, 9c 7c
Qs Qh,1, Kd Ks,Qs Qh,KK,QQ,0,0.817023729431,0.178327563330,0.004648707239,0.178327563330,1.000000000000,Kd Ks, Qs Qh
Ts Ad,1, Ts Ad,Qd Ks,AT,KQ,1,0.596766111625,0.397897219185,0.005336669190,0.596766111625,1.000000000000,Qd Ks, Ts Ad
8h Ac,1,7d 0h 0m 7s,8h Ac,77,A8,0,0.567163307450,0.430010091666,0.002826600884,0.430010091666,1.000000000000,7d 0h 0m 7s, 8h Ac
Ac Kc,1, 7s 7c,Ac Kc,77,AK s,0,0.522843490408,0.472848279278,0.004308230314,0.472848279278,1.000000000000,Ac Kc, 7s 7c
9s 9c,1, 9s 9c,Ad Qd,99,AQ s,1,0.523369682019,0.473011801643,0.003618516338,0.523369682019,1.000000000000,Ad Qd, 9s 9c
Qs Qh,1, Qs Qh,7s Ad,QQ,A7,1,0.719029448042,0.277416276549,0.003554275409,0.719029448042,1.000000000000,Qs Qh, 7s Ad
Tc 3c,1, 6s Ah,Tc 3c,A6,T3 s,0,0.588375078257,0.407275810837,0.004349110906,0.407275810837,1.000000000000,6s Ah, Tc 3c
Ad 3c,1, As 8d,Ad 3c,A8,A3,0,0.544912001607,0.241013278016,0.214074720377,0.241013278016,1.000000000000,As 8d, Ad 3c
4d Ad,1, 4d Ad,8s Td,A4 s,T8,1,0.579325867369,0.415734589185,0.004939543446,0.579325867369,1.000000000000,4d Ad, 8s Td
Qc Ks,1, Tc Th,Qc Ks,TT,KQ,0,0.562914061989,0.433125776731,0.003960161280,0.433125776731,1.000000000000,Tc Th, Qc Ks
Qc Jh,1, Ac 5c,Qc Jh,A5 s,QJ,0,0.581334856427,0.413535797382,0.005129346191,0.413535797382,1.000000000000,Ac 5c, Qc Jh
Ah 6c,1, Qh Qs,Ah 6c,QQ,A6,0,0.711793583382,0.284627612854,0.003578803764,0.284627612854,1.000000000000,Qh Qs, Ah 6c
4c 4d,1, 4c 4d,Ad Qd,44,AQ s,1,0.509977200310,0.484488735645,0.005534064045,0.509977200310,1.000000000000,Ad Qd, 4c 4d
Tc Kc,1, Tc Kc,Qc Td,KT s,QT,1,0.730404764575,0.240481830329,0.029113405096,0.730404764575,1.000000000000,Tc Kc, Qc Td
5d 0h 0m 5s,1,5d 0h 0m 5s,Kh Ac,55,AK,1,0.548238513722,0.447938566983,0.003822919295,0.548238513722,1.000000000000,Kh Ac,5d 0h 0m 5s
9d Qd,1,5d 0h 0m 5s,9d Qd,55,Q9 s,0,0.501207729469,0.491345578822,0.007446691709,0.491345578822,1.000000000000,9d Qd,5d 0h 0m 5s
9s Qd,1, Ah Th,9s Qd,AT s,Q9,0,0.650709219858,0.345259369832,0.004031410310,0.345259369832,1.000000000000,Ah Th, 9s Qd
Jc Jd,1, Jc Jd,As Ts,JJ,AT s,1,0.673935235799,0.322513408834,0.003551355367,0.673935235799,1.000000000000,Jc Jd, As Ts
Qh As,1, Qh As,Ad 6s,AQ,A6,1,0.709597711621,0.235344892029,0.055057396350,0.709597711621,1.000000000000,Qh As, Ad 6s
Ah Jd,1,9h 0m 9s,Ah Jd,99,AJ,0,0.552707346359,0.443505942870,0.003786710771,0.443505942870,1.000000000000,9h 0m 9s, Ah Jd
Tc Ts,1, Tc Ts,Js 9s,TT,J9 s,1,0.674878409441,0.320415650492,0.004705940067,0.674878409441,1.000000000000,Tc Ts, Js 9s
Kc Ah,1, Kc Ah,Qc Tc,AK,QT s,1,0.611536853269,0.383351320794,0.005111825937,0.611536853269,1.000000000000,Kc Ah, Qc Tc
6d As,1, Js Ad,6d As,AJ,A6,0,0.692673730833,0.230953148506,0.076373120661,0.230953148506,1.000000000000,Js Ad, 6d As
8h 0m 8s,1,8h 0m 8s,Jc Ah,88,AJ,1,0.551702851830,0.444664615629,0.003632532541,0.551702851830,1.000000000000,8h 0m 8s, Jc Ah
6h Ac,1, 6h Ac,Qc 7s,A6,Q7,1,0.603153996019,0.392902194937,0.003943809043,0.603153996019,1.000000000000,6h Ac, Qc 7s
4d 4h,1, Js Jd,4d 4h,JJ,44,0,0.807549360394,0.187922822116,0.004527817490,0.187922822116,1.000000000000,Js Jd,4d 4h
8d 0h 0m 8s,1,8d 0h 0m 8s,Kd Ad,88,AK s,1,0.524427321317,0.471153486764,0.004419191919,0.524427321317,1.000000000000,Kd Ad,8d 0h 0m 8s
Jc Ks,1, Td Th,Jc Ks,TT,KJ,0,0.568227370841,0.428669208271,0.003103420888,0.428669208271,1.000000000000,Td Th, Jc Ks
Qh 9s,1, Qh 9s,4d 0h 0m 7s,Q9,74,1,0.653082046179,0.337410296303,0.009507657519,0.653082046179,1.000000000000,Qh 9s,4d 0h 0m 7s
Ac 6s,1, Ac 6s,9h,A6,96s,1,0.664416482120,0.313275563218,0.022307954662,0.664416482120,1.000000000000,9h, Ac 6s
As 8c,1, As 8c,9d Qs,A8,Q9,1,0.585658854970,0.410293966492,0.004047178538,0.585658854970,1.000000000000,As 8c, 9d Qs
Ah Jc,1, Ah Jc,Ad Ts,AJ,AT,1,0.685184406507,0.235536446799,0.079279146694,0.685184406507,1.000000000000,Ah Jc, Ad Ts
Jh Jd,1, Jh Jd,8c 8s,JJ,88,1,0.803910987769,0.192787028472,0.003301983760,0.803910987769,1.000000000000,Jh Jd, 8c 8s
7c 4c,1, Ah 8c,7c 4c,A8,74s,0,0.620427213859,0.374590026070,0.004982760071,0.374590026070,1.000000000000,Ah 8c, 7c 4c
Jc Ac,1, As Kd,Jc Ac,AK,AJ s,0,0.672417981854,0.283579901700,0.044002116447,0.283579901700,1.000000000000,As Kd, Jc Ac
As Th,1, Ks Kd,As Th,KK,AT,0,0.704379596146,0.291682434895,0.003937968959,0.291682434895,1.000000000000,Ks Kd, As Th
7c 8s,1,4d 0h 0m 4s,7c 8s,44,87,0,0.501385852045,0.482436529962,0.016177617993,0.482436529962,1.000000000000,4d 0h 0m 4s, 7c 8s
9s 9c,1, 9s 9c,7d 0h 0m 7s,99,77,1,0.812310781263,0.181126715817,0.006562502920,0.812310781263,1.000000000000,9s 9c,7d 0h 0m 7s
As Ad,1, As Ad,Th Td,AA,TT,1,0.805601108214,0.190619773124,0.003779118661,0.805601108214,1.000000000000,As Ad, Th Td
8h,1, Kh Tc,8h,KT,98s,0,0.608242461619,0.384912375373,0.006845163008,0.384912375373,1.000000000000,Kh Tc,8h
7c Ks,1, As 5c,7c Ks,A5,K7,0,0.602520346854,0.392346218896,0.005133434250,0.392346218896,1.000000000000,7c Ks, As 5c
6d Ah,1, Th Ts,6d Ah,TT,A6,0,0.712920135677,0.283600926004,0.003478938319,0.283600926004,1.000000000000,Th Ts, 6d Ah
Ah 9c,1, Js Jd,Ah 9c,JJ,A9,0,0.717429848905,0.279688069408,0.002882081686,0.279688069408,1.000000000000,Js Jd, Ah 9c
9h 0m 9s,1,9h 0m 9s,9c As,99,A9,1,0.692357198255,0.284462338463,0.023180463282,0.692357198255,1.000000000000,9h 0m 9s, 9c As
Ac 9d,1, Ac 9d,Ts Qs,A9,QT s,1,0.530567002121,0.465416771788,0.004016226091,0.530567002121,1.000000000000,Ts Qs, Ac 9d
Ac Kh,1, Ac Kh,Ad 3d,AK,A3 s,1,0.666577897383,0.287240466646,0.046181635971,0.666577897383,1.000000000000,Ac Kh, Ad 3d
Draw,2, Kd As,Ah Kc,AK,AK,0,0.021730954317,0.021730954317,0.956538091367,0.956538091367,1.000000000000,Kd As, Ah Kc
Th Tc,1, Th Tc,Ad Ks,TT,AK,1,0.571202893879,0.425689013166,0.003108092955,0.571202893879,1.000000000000,Th Tc, Ad Ks
Qh Qs,1, Qh Qs,8d 0h 0m 8s,QQ,88,1,0.806788397387,0.189386347284,0.003825255328,0.806788397387,1.000000000000,Qh Qs,8d 0h 0m 8s
Qh Ah,1, 4c 4s,Qh Ah,44,AQ s,0,0.506705000981,0.488512553846,0.004782445173,0.488512553846,1.000000000000,Qh Ah, 4c 4s
As Kh,1, Ks Kc,As Kh,KK,AK,0,0.693782762874,0.297446014259,0.008771222867,0.297446014259,1.000000000000,Ks Kc, As Kh
Td Ad,1, Td Ad,Jh Kh,AT s,KJ s,1,0.580644558443,0.414548468029,0.004806973528,0.580644558443,1.000000000000,Td Ad, Jh Kh
Jd Th,1, Qh Ks,Jd Th,KQ,JT,0,0.642824521814,0.350340243321,0.006835234865,0.350340243321,1.000000000000,Qh Ks, Jd Th
Qs Qd,1, Qs Qd,Ah 8d,QQ,A8,1,0.717300199030,0.279077196573,0.003622604397,0.717300199030,1.000000000000,Qs Qd, Ah 8d
9d Ah,1, 9d Ah,7d 0h 0m 5s,A9,75,1,0.634734836805,0.360920140349,0.004345022846,0.634734836805,1.000000000000,9d Ah,7d 0h 0m 5s
Draw,2, Ac Jh,Ad Js,AJ,AJ,0,0.021732122333,0.021732122333,0.956535755333,0.956535755333,1.000000000000,Ac Jh, Ad Js
Ah Kc,1, Ah Kc,Ac Qs,AK,AQ,1,0.716212191293,0.236951499266,0.046836309440,0.716212191293,1.000000000000,Ah Kc, Ac Qs
Ks As,1, Ks As,6c Ah,AK s,A6,1,0.731544165055,0.227247614910,0.041208220036,0.731544165055,1.000000000000,Ks As, 6c Ah
2d Ad,1, 2d Ad,Qs Kc,A2 s,KQ,1,0.601182967510,0.393948154066,0.004868878423,0.601182967510,1.000000000000,Qs Kc, 2d Ad
As 5s,1, As 5s,Jc Th,A5 s,JT,1,0.572676931199,0.423133392201,0.004189676599,0.572676931199,1.000000000000,As 5s, Jc Th
Kc 7d,1, Tc Ad,Kc 7d,AT,K7,0,0.646084456966,0.349119081658,0.004796461376,0.349119081658,1.000000000000,Tc Ad, Kc 7d
Ad Td,1, 7c 7d,Ad Td,77,AT s,0,0.520404087125,0.475258482139,0.004337430737,0.475258482139,1.000000000000,Ad Td, 7c 7d
Ad 7h,1, Ad 7h,Kd Th,A7,KT,1,0.573127201712,0.422084513030,0.004788285258,0.573127201712,1.000000000000,Kd Th, Ad 7h
As Ac,1, As Ac,9d Ad,AA,A9 s,1,0.877755935862,0.109109714163,0.013134349975,0.877755935862,1.000000000000,As Ac, 9d Ad
Ac Kh,1, Ac Kh,Ah 9s,AK,A9,1,0.714435637597,0.238190765191,0.047373597212,0.714435637597,1.000000000000,Ac Kh, Ah 9s
Th Td,1, Th Td,As Kd,TT,AK,1,0.566804726264,0.429287673217,0.003907600520,0.566804726264,1.000000000000,Th Td, As Kd
8h Ad,1, Ts Th,8h Ad,TT,A8,0,0.719716825984,0.276836940170,0.003446233846,0.276836940170,1.000000000000,Ts Th, 8h Ad
Ad Ah,1, Ad Ah,Jc 8d,AA,J8,1,0.844673025351,0.151973598146,0.003353376503,0.844673025351,1.000000000000,Ad Ah, Jc 8d
Qs 7d,1, Kc Ad,Qs 7d,AK,Q7,0,0.675170413665,0.320627061550,0.004202524785,0.320627061550,1.000000000000,Kc Ad, Qs 7d
Jh 8h,1, Jh 8h,2d 2h,J8 s,22,1,0.509669427859,0.475479821340,0.014850750801,0.509669427859,1.000000000000,Jh 8h,2d 2h
7d 6c,1, Kc Qc,7d 6c,KQ s,76,0,0.640856413347,0.352478882255,0.006664704398,0.352478882255,1.000000000000,Kc Qc, 7d 6c
Kh 8h,1, Kh 8h,6h 0m 3s,K8 s,63,1,0.663563829787,0.328750035041,0.007686135172,0.663563829787,1.000000000000,Kh 8h,6h 0m 3s
Ac Jd,1, Ac Jd,Js Kc,AJ,KJ,1,0.738572122707,0.245716882049,0.015710995244,0.738572122707,1.000000000000,Ac Jd, Js Kc
Draw,2, Ah Qh,As Qd,AQ s,AQ,0,0.071574323251,0.021731538325,0.906694138424,0.906694138424,1.000000000000,Ah Qh, As Qd
As Ts,1, As Ts,4s Ah,AT s,A4,1,0.660840598398,0.234927909997,0.104231491604,0.660840598398,1.000000000000,As Ts, 4s Ah
8d 9h,1,8d 9h,9d 3h,98,93,1,0.575870289388,0.209681224829,0.214448485783,0.575870289388,1.000000000000,8d 9h,9d 3h
Ac Qh,1,2d 0h 0m 2s,Ac Qh,22,AQ,0,0.524107284688,0.470217905232,0.005674810080,0.470217905232,1.000000000000,Ac Qh,2d 0h 0m 2s
Qd Qc,1, Qd Qc,Kd 7d,QQ,K7 s,1,0.686812038049,0.308883235687,0.004304726264,0.686812038049,1.000000000000,Qd Qc, Kd 7d
Kh 9s,1, Ad Td,Kh 9s,AT s,K9,0,0.662579775554,0.333319317131,0.004100907316,0.333319317131,1.000000000000,Ad Td, Kh 9s
Ac 9h,1, Ac 9h,7c Qc,A9,Q7 s,1,0.607362360889,0.387960315458,0.004677323653,0.607362360889,1.000000000000,Ac 9h, 7c Qc
7s,1, 7c As,7s,A7,75s,0,0.674836944842,0.297813939581,0.027349115578,0.297813939581,1.000000000000,7s, 7c As
Jd Jh,1, Jd Jh,3d 3h,JJ,33,1,0.818128089405,0.176385735243,0.005486175352,0.818128089405,1.000000000000,Jd Jh,3d 3h
As 8s,1, As 8s,8c Jc,A8 s,J8 s,1,0.685125421654,0.293210785001,0.021663793345,0.685125421654,1.000000000000,As 8s, 8c Jc
Ks Kc,1, Ks Kc,Kh Qc,KK,KQ,1,0.909624108803,0.077814453508,0.012561437689,0.909624108803,1.000000000000,Ks Kc, Kh Qc
Draw,2, As Jd,Ac 6s,AJ,A6,0,0.693919420851,0.230905259814,0.075175319336,0.075175319336,1.000000000000,As Jd, Ac 6s
Kc Ac,1, Kc Ac,Qh 4d,AK s,Q4,1,0.694544309889,0.300753838104,0.004701852008,0.694544309889,1.000000000000,Kc Ac, Qh 4d
Js Ad,1, Js Ad,Ah 5d,AJ,A5,1,0.674796064250,0.246004798213,0.079199137536,0.674796064250,1.000000000000,Js Ad, Ah 5d
Jd Ah,1, Jd Ah,7d 0h 0m 8s,AJ,87,1,0.624115227203,0.372061853503,0.003822919295,0.624115227203,1.000000000000,Jd Ah,7d 0h 0m 8s
7d 7h,1,7d 7h,5s As,77,A5 s,1,0.653065693942,0.343039553724,0.003894752334,0.653065693942,1.000000000000,7d 7h, 5s As
Jh 9c,1, 3s Ad,Jh 9c,A3,J9,0,0.558716209271,0.437364510040,0.003919280688,0.437364510040,1.000000000000,Jh 9c, 3s Ad
Ah Ac,1, Ah Ac,3s,AA,63s,1,0.799850377036,0.196212822022,0.003936800942,0.799850377036,1.000000000000,Ah Ac,3s
4c 4h,1, 4c 4h,Ah 3d,44,A3,1,0.687313701305,0.306770877134,0.005915421561,0.687313701305,1.000000000000,4c 4h, Ah 3d
Kc 9s,1,5d 0h 0m 5s,Kc 9s,55,K9,0,0.536857941113,0.457407679945,0.005734378942,0.457407679945,1.000000000000,5d 0h 0m 5s, Kc 9s
Ah Tc,1, 9s 9c,Ah Tc,99,AT,0,0.553418668648,0.442868205646,0.003713125707,0.442868205646,1.000000000000,9s 9c, Ah Tc
Jc Jd,1, Jc Jd,Kd 8c,JJ,K8,1,0.723542081313,0.271956965586,0.004500953102,0.723542081313,1.000000000000,Jc Jd, Kd 8c
Kc Qc,1, Qh Ac,Kc Qc,AQ,KQ s,0,0.708896317476,0.279149613620,0.011954068904,0.279149613620,1.000000000000,Kc Qc, Qh Ac
4s As,1, Ks Ac,4s As,AK,A4 s,0,0.673986628543,0.279281599529,0.046731771928,0.279281599529,1.000000000000,Ks Ac, 4s As
7d Ad,1,2d 0h 0m 2s,7d Ad,22,A7 s,0,0.497450219120,0.496031662602,0.006518118278,0.496031662602,1.000000000000,7d Ad,2d 0h 0m 2s
Jh Js,1, Jh Js,Kd 7h,JJ,K7,1,0.722204117960,0.274229342453,0.003566539586,0.722204117960,1.000000000000,Jh Js, Kd 7h
Ks Ah,1, Ks Ah,Qc Jc,AK,QJ s,1,0.601538044646,0.394043931451,0.004418023902,0.601538044646,1.000000000000,Ks Ah, Qc Jc
8c 7c,1, Kc Ah,8c 7c,AK,87s,0,0.592506354012,0.402913851746,0.004579794242,0.402913851746,1.000000000000,Kc Ah, 8c 7c
Kh Ad,1, Kh Ad,8d 0h 0m 7s,AK,87,1,0.621945051813,0.374156691802,0.003898256384,0.621945051813,1.000000000000,Kh Ad,8d 0h 0m 7s
Kh 8c,1, Kh 8c,8d,K8,83s,1,0.690285720293,0.273706654893,0.036007624814,0.690285720293,1.000000000000,Kh 8c,8d
6d 6c,1, 6d 6c,7s,66,75s,1,0.653647366356,0.332188092769,0.014164540876,0.653647366356,1.000000000000,6d 6c,7s
As Ad,1, As Ad,6d 0h 0m 6s,AA,66,1,0.808914772143,0.186637419524,0.004447808333,0.808914772143,1.000000000000,As Ad,6d 0h 0m 6s
7c Ac,1, 7c Ac,5s,A7 s,95s,1,0.608728940655,0.386496790290,0.004774269055,0.608728940655,1.000000000000,7c Ac,5s
Ah 5s,1, Ah 5s,Kd 9d,A5,K9 s,1,0.549968930751,0.445638157710,0.004392911539,0.549968930751,1.000000000000,Kd 9d, Ah 5s
Jc 9c,1, Qd 4s,Jc 9c,Q4,J9 s,0,0.515950438707,0.474929685383,0.009119875910,0.474929685383,1.000000000000,Jc 9c, Qd 4s
Kh 9d,1, Kh 9d,Ks 7h,K9,K7,1,0.624941599155,0.225398060158,0.149660340687,0.624941599155,1.000000000000,Kh 9d, Ks 7h
Draw,2, Qh Kd,Ks Qc,KQ,KQ,0,0.021731538325,0.021731538325,0.956536923350,0.956536923350,1.000000000000,Qh Kd, Ks Qc
Kh Ks,1, Kh Ks,4d Th,KK,T4,1,0.868957848606,0.126979204627,0.004062946766,0.868957848606,1.000000000000,Kh Ks, 4d Th
As 2c,1, As 2c,Ts Jd,A2,JT,1,0.545797942421,0.449093151683,0.005108905895,0.545797942421,1.000000000000,Ts Jd, As 2c
Ac 9c,1, Ac 9c,Qd Th,A9 s,QT,1,0.592630747811,0.403346602005,0.004022650184,0.592630747811,1.000000000000,Ac 9c, Qd Th
Kc Ac,1, Qd Qc,Kc Ac,QQ,AK s,0,0.538805609284,0.456457498201,0.004736892514,0.456457498201,1.000000000000,Qd Qc, Kc Ac
7c Ac,1,7h 0m 7s,7c Ac,77,A7 s,0,0.642890514768,0.331306824022,0.025802661210,0.331306824022,1.000000000000,7h 0m 7s, 7c Ac
Tc Td,1, Tc Td,Ah Qd,TT,AQ,1,0.567548169017,0.428610223418,0.003841607565,0.567548169017,1.000000000000,Tc Td, Ah Qd
Draw,2, Ah Js,7h Ad,AJ,A7,0,0.689003821751,0.231983923415,0.079012254833,0.079012254833,1.000000000000,Ah Js, 7h Ad
Qc 7s,1, Qd Js,Qc 7s,QJ,Q7,0,0.696807926630,0.222592483578,0.080599589792,0.222592483578,1.000000000000,Qd Js, Qc 7s
As Qd,1, As Qd,7c Ad,AQ,A7,1,0.701172805763,0.239748899728,0.059078294508,0.701172805763,1.000000000000,As Qd, 7c Ad
Ac 2s,1, Ac 2s,4d,A2,94s,1,0.561876278978,0.432785883815,0.005337837206,0.561876278978,1.000000000000,Ac 2s,4d
As Qc,1, As Qc,Qd 9d,AQ,Q9 s,1,0.691743989385,0.293467164709,0.014788845906,0.691743989385,1.000000000000,As Qc, Qd 9d
Jc Ah,1, Jc Ah,7s Ad,AJ,A7,1,0.682599001112,0.239660714453,0.077740284435,0.682599001112,1.000000000000,Jc Ah, 7s Ad
Qc Qs,1, Qc Qs,Ks 7h,QQ,K7,1,0.716828904213,0.279515202908,0.003655892879,0.716828904213,1.000000000000,Qc Qs, Ks 7h
Ah As,1, Ah As,8c 8d,AA,88,1,0.796755716275,0.200692166812,0.002552116914,0.796755716275,1.000000000000,Ah As, 8c 8d
As Ad,1, As Ad,Ac 9s,AA,A9,1,0.933703945094,0.052092969473,0.014203085433,0.933703945094,1.000000000000,As Ad, Ac 9s
Ks Jh,1, As 6c,Ks Jh,A6,KJ,0,0.572269293303,0.423489053346,0.004241653351,0.423489053346,1.000000000000,Ks Jh, As 6c
Kh Ks,1, Kh Ks,Ac 2s,KK,A2,1,0.714745162074,0.280655187397,0.004599650529,0.714745162074,1.000000000000,Kh Ks, Ac 2s
6d 0h 0m 6s,1,6d 0h 0m 6s,5s 5c,66,55,1,0.803850250890,0.176663723264,0.019486025846,0.803850250890,1.000000000000,6d 0h 0m 6s, 5s 5c
5s Ac,1, 5s Ac,Js Qh,A5,QJ,1,0.558782202226,0.436768237416,0.004449560358,0.558782202226,1.000000000000,Js Qh, 5s Ac
4d Ad,1,2d 0h 0m 2s,4d Ad,22,A4 s,0,0.500409389921,0.492554476308,0.007036133771,0.492554476308,1.000000000000,4d Ad,2d 0h 0m 2s
Qc Ks,1,9d 0h 0m 9s,Qc Ks,99,KQ,0,0.550492202319,0.445544716359,0.003963081322,0.445544716359,1.000000000000,9d 0h 0m 9s, Qc Ks
7h,1, Ts Ad,7h,AT,87s,0,0.583386478102,0.412989165475,0.003624356423,0.412989165475,1.000000000000,Ts Ad,7h
Ah Ad,1, Ah Ad,Ts Qs,AA,QT s,1,0.797279571852,0.199264850167,0.003455577981,0.797279571852,1.000000000000,Ah Ad, Ts Qs
Kh Kd,1, Kh Kd,8d 0h 0m 8s,KK,88,1,0.806810005700,0.189386347284,0.003803647016,0.806810005700,1.000000000000,Kh Kd,8d 0h 0m 8s
4c 4d,1, 4c 4d,Qd Ac,44,AQ,1,0.529982993674,0.464443229707,0.005573776619,0.529982993674,1.000000000000,Qd Ac, 4c 4d
Kd Ad,1, Kd Ad,Qs Js,AK s,QJ s,1,0.624705075734,0.370320340313,0.004974583952,0.624705075734,1.000000000000,Kd Ad, Qs Js
Ad Qc,1, Ad Qc,Ac 6c,AQ,A6 s,1,0.672990894140,0.273499331894,0.053509773965,0.672990894140,1.000000000000,Ad Qc, Ac 6c
Ks Ac,1, Ks Ac,Ad 5d,AK,A5 s,1,0.658035021819,0.296984063577,0.044980914604,0.658035021819,1.000000000000,Ks Ac, Ad 5d
9s Tc,1, 7d 7c,9s Tc,77,T9,0,0.523741695400,0.470463772788,0.005794531812,0.470463772788,1.000000000000,7d 7c, 9s Tc
Kh 5c,1, Kh 5c,4d 5h,K5,54,1,0.680098276941,0.281297596688,0.038604126370,0.680098276941,1.000000000000,4d 5h, Kh 5c
6d 4h,1, 2s Ks,6d 4h,K2 s,64,0,0.585614470328,0.407132144759,0.007253384913,0.407132144759,1.000000000000,2s Ks,6d 4h
Qd Qs,1, Qd Qs,6d 8h,QQ,86,1,0.828078425326,0.168659887497,0.003261687177,0.828078425326,1.000000000000,Qd Qs,6d 8h
Ts Qd,1, Ts Qd,8d 6c,QT,86,1,0.645929694727,0.345489469160,0.008580836113,0.645929694727,1.000000000000,Ts Qd, 8d 6c
Draw,2, Ks Qs,Js Kd,KQ s,KJ,0,0.720546701987,0.224876540614,0.054576757398,0.054576757398,1.000000000000,Ks Qs, Js Kd
Draw,2, Ks Kc,Kh Ad,KK,AK,0,0.696133980882,0.295976064998,0.007889954120,0.007889954120,1.000000000000,Ks Kc, Kh Ad
Kh Ah,1, Kh Ah,Jh Th,AK s,JT s,1,0.639641091769,0.354519407769,0.005839500463,0.639641091769,1.000000000000,Kh Ah, Jh Th
Kd As,1, Kd As,Ah 5h,AK,A5 s,1,0.658035021819,0.296984063577,0.044980914604,0.658035021819,1.000000000000,Kd As, Ah 5h
Draw,2, As 6d,Ah 6s,A6,A6,0,0.018112437978,0.010991038974,0.970896523047,0.970896523047,1.000000000000,Ah 6s, As 6d
Jh Th,1, 8c 8s,Jh Th,88,JT s,0,0.499948607257,0.495925957073,0.004125435670,0.495925957073,1.000000000000,8c 8s, Jh Th
Jh Jc,1, Jh Jc,Ah Kc,JJ,AK,1,0.562046225437,0.433089568208,0.004864206356,0.562046225437,1.000000000000,Jh Jc, Ah Kc
Js Kd,1, Qc Qh,Js Kd,QQ,KJ,0,0.712055219167,0.284631116904,0.003313663929,0.284631116904,1.000000000000,Qc Qh, Js Kd
Qc Jh,1, Qc Jh,4c 8s,QJ,84,1,0.667349372541,0.323474102729,0.009176524729,0.667349372541,1.000000000000,Qc Jh, 4c 8s
Ac 6s,1, Ac 6s,8h 7c,A6,87,1,0.563308851699,0.432853044786,0.003838103514,0.563308851699,1.000000000000,Ac 6s, 8h 7c
Jh Js,1, Jh Js,Ks Ad,JJ,AK,1,0.566467169381,0.429468715836,0.004064114783,0.566467169381,1.000000000000,Jh Js, Ks Ad
5c 5h,1, 5c 5h,3s Td,55,T3,1,0.685186158533,0.302800787711,0.012013053757,0.685186158533,1.000000000000,5c 5h, 3s Td
7d 7c,1, 7d 7c,Th 3d,77,T3,1,0.706960913483,0.284976849905,0.008062236612,0.706960913483,1.000000000000,7d 7c, Th 3d
7h Ah,1,6h 0m 6s,7h Ah,66,A7 s,0,0.536594553304,0.458823316420,0.004582130276,0.458823316420,1.000000000000,7h Ah,6h 0m 6s
3s Ad,1, Ah Td,3s Ad,AT,A3,0,0.648127902522,0.242509507658,0.109362589820,0.242509507658,1.000000000000,Ah Td, 3s Ad
4d Js,1, 4d Js,5h 0m 8s,J4,85,1,0.574558022407,0.411390150347,0.014051827246,0.574558022407,1.000000000000,5h 0m 8s, 4d Js
Qd Ac,1, Qd Ac,2d 4c,AQ,42,1,0.658905778413,0.335055574244,0.006038647343,0.658905778413,1.000000000000,Qd Ac, 2d 4c
Td Ts,1, Td Ts,4c Ah,TT,A4,1,0.701533722984,0.295285767013,0.003180510003,0.701533722984,1.000000000000,Td Ts, 4c Ah
9d 7c,1, Ks Qc,9d 7c,KQ,97,0,0.643206463338,0.350440692774,0.006352843888,0.350440692774,1.000000000000,Ks Qc, 9d 7c
Ac Td,1, Ac Td,8h Qh,AT,Q8 s,1,0.596891673441,0.399203646082,0.003904680477,0.596891673441,1.000000000000,Ac Td, 8h Qh
9h 0m 9s,1,9h 0m 9s,7d 0h 0m 7s,99,77,1,0.812310781263,0.181126715817,0.006562502920,0.812310781263,1.000000000000,9h 0m 9s,7d 0h 0m 7s
Qd Qs,1, Qd Qs,Tc Ts,QQ,TT,1,0.813622464235,0.182272540390,0.004104995375,0.813622464235,1.000000000000,Qd Qs, Tc Ts
Td Ac,1, Td Ac,Kd Th,AT,KT,1,0.727990473654,0.251957596315,0.020051930031,0.727990473654,1.000000000000,Td Ac, Kd Th
Ah As,1, Ah As,Ac Kh,AA,AK,1,0.927966646110,0.058559110999,0.013474242891,0.927966646110,1.000000000000,Ah As, Ac Kh
4d 0h 0m 4s,1,4d 0h 0m 4s,Ah Qs,44,AQ,1,0.534358968968,0.460731272017,0.004909759015,0.534358968968,1.000000000000,Ah Qs,4d 0h 0m 4s
Ah Kh,1, Ah Kh,As 4s,AK s,A4 s,1,0.680611620366,0.275750684458,0.043637695176,0.680611620366,1.000000000000,Ah Kh, As 4s
Ad 7h,1, Ad 7h,8c Ts,A7,T8,1,0.569324138704,0.427702674291,0.002973187004,0.569324138704,1.000000000000,8c Ts, Ad 7h
Js Kh,1, Qs Qc,Js Kh,QQ,KJ,0,0.717027467085,0.278862281464,0.004110251451,0.278862281464,1.000000000000,Qs Qc, Js Kh
Ah Kc,1, Ah Kc,5d Ts,AK,T5,1,0.665367247872,0.330811584859,0.003821167269,0.665367247872,1.000000000000,Ah Kc, 5d Ts
Kc Qc,1,7d 7h,Kc Qc,77,KQ s,0,0.507562909390,0.488438384773,0.003998705837,0.488438384773,1.000000000000,Kc Qc,7d 7h
Jc Jd,1, Jc Jd,7c 7d,JJ,77,1,0.813409301152,0.181831030004,0.004759668844,0.813409301152,1.000000000000,Jc Jd, 7c 7d
Jc Kc,1, Kh Ad,Jc Kc,AK,KJ s,0,0.690395513881,0.298511245667,0.011093240453,0.298511245667,1.000000000000,Kh Ad, Jc Kc
Jh Ac,1, 8c 8s,Jh Ac,88,AJ,0,0.551702851830,0.444664615629,0.003632532541,0.444664615629,1.000000000000,8c 8s, Jh Ac
Jd Qc,1, Jd Qc,9s,QJ,94s,1,0.637320242200,0.353858310207,0.008821447593,0.637320242200,1.000000000000,Jd Qc,9s
Kh Ks,1, Kh Ks,Qd As,KK,AQ,1,0.712106027902,0.283673343051,0.004220629047,0.712106027902,1.000000000000,Kh Ks, Qd As
Ah 9h,1, Ah 9h,Qc Jh,A9 s,QJ,1,0.585971299489,0.409096749175,0.004931951336,0.585971299489,1.000000000000,Ah 9h, Qc Jh
Jc Th,1, Js Kd,Jc Th,KJ,JT,0,0.704804170288,0.268023084686,0.027172745027,0.268023084686,1.000000000000,Js Kd, Jc Th
Tc Ah,1, Tc Ah,Td Qh,AT,QT,1,0.719145665723,0.261982101309,0.018872232968,0.719145665723,1.000000000000,Tc Ah, Td Qh
Kd Jh,1, Kd Jh,4c Qc,KJ,Q4 s,1,0.609187971295,0.384125715994,0.006686312711,0.609187971295,1.000000000000,Kd Jh, 4c Qc
Ac 9h,1, Ah Qs,Ac 9h,AQ,A9,0,0.711047220587,0.230335267569,0.058617511844,0.230335267569,1.000000000000,Ah Qs, Ac 9h
Jd Qh,1, 7h 7c,Jd Qh,77,QJ,0,0.518388089965,0.476901297900,0.004710612134,0.476901297900,1.000000000000,7h 7c, Jd Qh
Kd As,1, Kd As,9d Th,AK,T9,1,0.628821167269,0.366903890898,0.004274941833,0.628821167269,1.000000000000,Kd As, 9d Th
9h 0m 4s,1,9h 0m 4s,2s,94,82s,1,0.582381983573,0.386500878349,0.031117138078,0.582381983573,1.000000000000,9h 0m 4s,2s
Jd Qd,1, Kh Ah,Jd Qd,AK s,QJ s,0,0.624705075734,0.370320340313,0.004974583952,0.370320340313,1.000000000000,Kh Ah, Jd Qd
2s 4c,1,6s,2s 4c,76s,42,0,0.631088288061,0.296317709939,0.072594002000,0.296317709939,1.000000000000,6s, 2s 4c
6c As,1, 6c As,Qs Js,A6,QJ s,1,0.531121226137,0.464137793289,0.004740980574,0.531121226137,1.000000000000,Qs Js, 6c As
Ad 7d,1, Ad 7d,6s 3c,A7 s,63,1,0.670748885712,0.324560942449,0.004690171839,0.670748885712,1.000000000000,Ad 7d, 6s 3c
Ks Kc,1, Ks Kc,Ad 8d,KK,A8 s,1,0.675942472832,0.320522524038,0.003535003130,0.675942472832,1.000000000000,Ks Kc, Ad 8d
2c As,1, 2c As,9h 0m 8s,A2,98,1,0.550207206197,0.444961875929,0.004830917874,0.550207206197,1.000000000000,9h 0m 8s, 2c As
6c Js,1, Ad Jh,6c Js,AJ,J6,0,0.741490412917,0.238568618657,0.019940968426,0.238568618657,1.000000000000,Ad Jh, 6c Js
Kc Tc,1, Ac Jc,Kc Tc,AJ s,KT s,0,0.638230127361,0.355930372177,0.005839500463,0.355930372177,1.000000000000,Ac Jc, Kc Tc
Ks Kh,1, Ks Kh,Td Th,KK,TT,1,0.809326498098,0.186590114839,0.004083387062,0.809326498098,1.000000000000,Ks Kh, Td Th
Ac Ad,1, Ac Ad,Td Tc,AA,TT,1,0.811853502649,0.183562031041,0.004584466310,0.811853502649,1.000000000000,Ac Ad, Td Tc
Draw,2, 8s Js,9h Ts,J8 s,T9,0,0.589280291350,0.397341827152,0.013377881498,0.013377881498,1.000000000000,8s Js, 9h Ts
Ah Kc,1, Ah Kc,9s As,AK,A9 s,1,0.673121712032,0.282368084172,0.044510203796,0.673121712032,1.000000000000,Ah Kc, 9s As
Td Js,1, Td Js,6h 5c,JT,65,1,0.644067875798,0.345017590334,0.010914533868,0.644067875798,1.000000000000,Td Js, 6h 5c
Kc Kd,1, Kc Kd,4s,KK,54s,1,0.767183864547,0.228635218980,0.004180916473,0.767183864547,1.000000000000,Kc Kd,4s
Ad Ac,1, Ad Ac,Jc Tc,AA,JT s,1,0.791864061522,0.203947429896,0.004188508583,0.791864061522,1.000000000000,Ad Ac, Jc Tc
9c 9d,1, 9c 9d,Td As,99,AT,1,0.553418668648,0.442868205646,0.003713125707,0.553418668648,1.000000000000,9c 9d, Td As
Jc Ks,1, 6d Ah,Jc Ks,A6,KJ,0,0.568777506798,0.427771587288,0.003450905914,0.427771587288,1.000000000000,Jc Ks, 6d Ah
Ad Ac,1, Ad Ac,5c 5h,AA,55,1,0.806817597810,0.189046454368,0.004135947822,0.806817597810,1.000000000000,Ad Ac, 5c 5h
Kh Kd,1, Kh Kd,Qh Qs,KK,QQ,1,0.817023729431,0.178327563330,0.004648707239,0.817023729431,1.000000000000,Kh Kd, Qh Qs
6d 6h,1,6d 6h,5d 0h 0m 5s,66,55,1,0.803850250890,0.176663723264,0.019486025846,0.803850250890,1.000000000000,6d 6h,5d 0h 0m 5s
Ac Ah,1, Ac Ah,Kc Ad,AA,AK,1,0.927966646110,0.058559110999,0.013474242891,0.927966646110,1.000000000000,Ac Ah, Kc Ad
Qc Ah,1, Qc Ah,Ad 7c,AQ,A7,1,0.708379470001,0.232536395406,0.059084134593,0.708379470001,1.000000000000,Qc Ah, Ad 7c
Ad Kd,1, Ad Kd,Kc Qc,AK s,KQ s,1,0.708488095572,0.279915832703,0.011596071726,0.708488095572,1.000000000000,Ad Kd, Kc Qc
5d Ah,1, Th Ad,5d Ah,AT,A5,0,0.649253870808,0.241726352330,0.109019776862,0.241726352330,1.000000000000,Th Ad, 5d Ah
Th Ts,1, Th Ts,8h 0m 8s,TT,88,1,0.820242199983,0.174088246012,0.005669554004,0.820242199983,1.000000000000,Th Ts,8h 0m 8s
Ad Ac,1, Ad Ac,Qd As,AA,AQ,1,0.923650239677,0.063016847476,0.013332912847,0.923650239677,1.000000000000,Ad Ac, Qd As
9d 9h,1,9d 9h,2h 0m 2s,99,22,1,0.813967029219,0.178315883161,0.007717087620,0.813967029219,1.000000000000,9d 9h,2h 0m 2s
9d 4h,1, 9h Ac,9d 4h,A9,94,0,0.750526191611,0.223035745989,0.026438062400,0.223035745989,1.000000000000,9h Ac,9d 4h
8c 8d,1, 8c 8d,Js Ks,88,KJ s,1,0.510454335212,0.485698217139,0.003847447649,0.510454335212,1.000000000000,Js Ks, 8c 8d
Td As,1, Td As,Ks 9s,AT,K9 s,1,0.614254828582,0.380849428606,0.004895742812,0.614254828582,1.000000000000,Ks 9s, Td As
2c 3d,1, Ac Kc,2c 3d,AK s,32,0,0.670407824779,0.323296564162,0.006295611060,0.323296564162,1.000000000000,Ac Kc, 2c 3d
Ah Qd,1, Ah Qd,Js Kd,AQ,KJ,1,0.621365715434,0.373955792897,0.004678491670,0.621365715434,1.000000000000,Ah Qd, Js Kd
Jc Qd,1, 5d Ac,Jc Qd,A5,QJ,0,0.562157771050,0.432594913053,0.005247315897,0.432594913053,1.000000000000,Jc Qd, 5d Ac
Ts Ah,1, Ts Ah,4d 3c,AT,43,1,0.636931292574,0.358622651118,0.004446056308,0.636931292574,1.000000000000,Ts Ah, 4d 3c
Ah Js,1, 3c 3h,Ah Js,33,AJ,0,0.524075748232,0.470622623086,0.005301628683,0.470622623086,1.000000000000,Ah Js, 3c 3h
9c Th,1, 3h As,9c Th,A3,T9,0,0.542837019595,0.452803357348,0.004359623058,0.452803357348,1.000000000000,9c Th, 3h As
Kd Ts,1, Ad 2c,Kd Ts,A2,KT,0,0.571587755445,0.423107111821,0.005305132733,0.423107111821,1.000000000000,Kd Ts, Ad 2c
